date_start,date_stop,campaign_id,campaign_name,objective,impressions,clicks,cpm,ctr,spend,leads,account_currency
2026-03-01,2026-03-01,120274831420778493,MT_LEADS_PEQ_VAREJO_001,OUTCOME_LEADS,18768,489,25.20,2.6055,472.95,20,BRL
2026-03-01,2026-03-01,120299701614704712,MT_LEADS_REDES_LOJAS_002,OUTCOME_LEADS,15777,385,28.19,2.4403,444.76,13,BRL
2026-03-01,2026-03-01,120299759557666597,MT_TRAFEGO_LP_001,OUTCOME_TRAFFIC,15341,324,26.32,2.1120,403.77,8,BRL
2026-03-01,2026-03-01,120229181304803814,MT_RMKT_SITE_001,OUTCOME_SALES,6165,214,54.48,3.4712,335.85,11,BRL
2026-03-01,2026-03-01,120213935476223121,MT_VIDEO_ESTOQUE_001,OUTCOME_AWARENESS,14214,218,10.09,1.5337,143.36,7,BRL
2026-03-02,2026-03-02,120274831420778493,MT_LEADS_PEQ_VAREJO_001,OUTCOME_LEADS,26363,601,19.48,2.2797,513.62,22,BRL
2026-03-02,2026-03-02,120299701614704712,MT_LEADS_REDES_LOJAS_002,OUTCOME_LEADS,20693,412,27.69,1.9910,573.00,15,BRL
2026-03-02,2026-03-02,120299759557666597,MT_TRAFEGO_LP_001,OUTCOME_TRAFFIC,22368,543,24.32,2.4276,543.95,18,BRL
2026-03-02,2026-03-02,120229181304803814,MT_RMKT_SITE_001,OUTCOME_SALES,10013,301,39.74,3.0061,397.89,18,BRL
2026-03-02,2026-03-02,120213935476223121,MT_VIDEO_ESTOQUE_001,OUTCOME_AWARENESS,53278,911,14.00,1.7099,745.89,16,BRL
2026-03-03,2026-03-03,120274831420778493,MT_LEADS_PEQ_VAREJO_001,OUTCOME_LEADS,14592,314,24.15,2.1519,352.37,21,BRL
2026-03-03,2026-03-03,120299701614704712,MT_LEADS_REDES_LOJAS_002,OUTCOME_LEADS,19338,457,42.64,2.3632,824.63,20,BRL
2026-03-03,2026-03-03,120299759557666597,MT_TRAFEGO_LP_001,OUTCOME_TRAFFIC,13475,276,22.64,2.0482,305.08,14,BRL
2026-03-03,2026-03-03,120229181304803814,MT_RMKT_SITE_001,OUTCOME_SALES,4547,179,46.24,3.9367,210.25,11,BRL
2026-03-03,2026-03-03,120213935476223121,MT_VIDEO_ESTOQUE_001,OUTCOME_AWARENESS,10501,185,19.55,1.7617,205.27,7,BRL
2026-03-04,2026-03-04,120274831420778493,MT_LEADS_PEQ_VAREJO_001,OUTCOME_LEADS,22590,540,26.00,2.3904,587.35,22,BRL
2026-03-04,2026-03-04,120299701614704712,MT_LEADS_REDES_LOJAS_002,OUTCOME_LEADS,13025,214,18.73,1.6430,243.99,11,BRL
2026-03-04,2026-03-04,120299759557666597,MT_TRAFEGO_LP_001,OUTCOME_TRAFFIC,9003,264,34.59,2.9324,311.45,13,BRL
2026-03-04,2026-03-04,120229181304803814,MT_RMKT_SITE_001,OUTCOME_SALES,9359,300,40.93,3.2055,383.03,17,BRL
2026-03-04,2026-03-04,120213935476223121,MT_VIDEO_ESTOQUE_001,OUTCOME_AWARENESS,21999,549,23.35,2.4956,513.66,9,BRL
2026-03-05,2026-03-05,120274831420778493,MT_LEADS_PEQ_VAREJO_001,OUTCOME_LEADS,26613,584,19.72,2.1944,524.87,22,BRL
2026-03-05,2026-03-05,120299701614704712,MT_LEADS_REDES_LOJAS_002,OUTCOME_LEADS,17967,331,15.73,1.8423,282.60,17,BRL
2026-03-05,2026-03-05,120299759557666597,MT_TRAFEGO_LP_001,OUTCOME_TRAFFIC,33803,648,19.07,1.9170,644.58,13,BRL
2026-03-05,2026-03-05,120229181304803814,MT_RMKT_SITE_001,OUTCOME_SALES,8998,280,34.49,3.1118,310.31,10,BRL
2026-03-05,2026-03-05,120213935476223121,MT_VIDEO_ESTOQUE_001,OUTCOME_AWARENESS,13685,395,25.83,2.8864,353.44,12,BRL
2026-03-06,2026-03-06,120274831420778493,MT_LEADS_PEQ_VAREJO_001,OUTCOME_LEADS,25994,806,25.62,3.1007,666.00,23,BRL
2026-03-06,2026-03-06,120299701614704712,MT_LEADS_REDES_LOJAS_002,OUTCOME_LEADS,10768,327,46.42,3.0368,499.88,16,BRL
2026-03-06,2026-03-06,120299759557666597,MT_TRAFEGO_LP_001,OUTCOME_TRAFFIC,21663,550,29.15,2.5389,631.48,19,BRL
2026-03-06,2026-03-06,120229181304803814,MT_RMKT_SITE_001,OUTCOME_SALES,18336,494,35.75,2.6942,655.58,21,BRL
2026-03-06,2026-03-06,120213935476223121,MT_VIDEO_ESTOQUE_001,OUTCOME_AWARENESS,25300,386,11.90,1.5257,301.16,11,BRL
2026-03-07,2026-03-07,120274831420778493,MT_LEADS_PEQ_VAREJO_001,OUTCOME_LEADS,17490,529,30.70,3.0246,536.86,35,BRL
2026-03-07,2026-03-07,120299701614704712,MT_LEADS_REDES_LOJAS_002,OUTCOME_LEADS,9611,251,42.36,2.6116,407.17,16,BRL
2026-03-07,2026-03-07,120299759557666597,MT_TRAFEGO_LP_001,OUTCOME_TRAFFIC,12649,356,29.61,2.8145,374.57,11,BRL
2026-03-07,2026-03-07,120229181304803814,MT_RMKT_SITE_001,OUTCOME_SALES,7470,230,38.56,3.0790,288.03,11,BRL
2026-03-07,2026-03-07,120213935476223121,MT_VIDEO_ESTOQUE_001,OUTCOME_AWARENESS,10412,203,27.14,1.9497,282.57,11,BRL
2026-03-08,2026-03-08,120274831420778493,MT_LEADS_PEQ_VAREJO_001,OUTCOME_LEADS,27281,696,25.92,2.5512,706.99,32,BRL
2026-03-08,2026-03-08,120299701614704712,MT_LEADS_REDES_LOJAS_002,OUTCOME_LEADS,10376,242,31.48,2.3323,326.60,11,BRL
2026-03-08,2026-03-08,120299759557666597,MT_TRAFEGO_LP_001,OUTCOME_TRAFFIC,23334,474,20.92,2.0314,488.13,13,BRL
2026-03-08,2026-03-08,120229181304803814,MT_RMKT_SITE_001,OUTCOME_SALES,15871,336,26.00,2.1171,412.64,13,BRL
2026-03-08,2026-03-08,120213935476223121,MT_VIDEO_ESTOQUE_001,OUTCOME_AWARENESS,6789,170,22.86,2.5041,155.19,6,BRL
2026-03-09,2026-03-09,120274831420778493,MT_LEADS_PEQ_VAREJO_001,OUTCOME_LEADS,24093,451,17.08,1.8719,411.62,26,BRL
2026-03-09,2026-03-09,120299701614704712,MT_LEADS_REDES_LOJAS_002,OUTCOME_LEADS,5668,161,39.33,2.8405,222.91,11,BRL
2026-03-09,2026-03-09,120299759557666597,MT_TRAFEGO_LP_001,OUTCOME_TRAFFIC,17713,410,22.83,2.3147,404.33,9,BRL
2026-03-09,2026-03-09,120229181304803814,MT_RMKT_SITE_001,OUTCOME_SALES,6826,225,42.09,3.2962,287.34,12,BRL
2026-03-09,2026-03-09,120213935476223121,MT_VIDEO_ESTOQUE_001,OUTCOME_AWARENESS,16564,406,13.94,2.4511,230.91,6,BRL
2026-03-10,2026-03-10,120274831420778493,MT_LEADS_PEQ_VAREJO_001,OUTCOME_LEADS,18145,464,21.20,2.5572,384.68,25,BRL
2026-03-10,2026-03-10,120299701614704712,MT_LEADS_REDES_LOJAS_002,OUTCOME_LEADS,5267,120,23.92,2.2783,125.99,7,BRL
2026-03-10,2026-03-10,120299759557666597,MT_TRAFEGO_LP_001,OUTCOME_TRAFFIC,25414,594,28.83,2.3373,732.57,18,BRL
2026-03-10,2026-03-10,120229181304803814,MT_RMKT_SITE_001,OUTCOME_SALES,24085,700,31.17,2.9064,750.76,23,BRL
2026-03-10,2026-03-10,120213935476223121,MT_VIDEO_ESTOQUE_001,OUTCOME_AWARENESS,11633,285,22.72,2.4499,264.27,5,BRL
2026-03-11,2026-03-11,120274831420778493,MT_LEADS_PEQ_VAREJO_001,OUTCOME_LEADS,14325,315,22.48,2.1990,322.00,23,BRL
2026-03-11,2026-03-11,120299701614704712,MT_LEADS_REDES_LOJAS_002,OUTCOME_LEADS,37828,820,22.47,2.1677,850.03,18,BRL
2026-03-11,2026-03-11,120299759557666597,MT_TRAFEGO_LP_001,OUTCOME_TRAFFIC,16614,370,24.94,2.2270,414.40,13,BRL
2026-03-11,2026-03-11,120229181304803814,MT_RMKT_SITE_001,OUTCOME_SALES,12702,333,25.89,2.6216,328.82,20,BRL
2026-03-11,2026-03-11,120213935476223121,MT_VIDEO_ESTOQUE_001,OUTCOME_AWARENESS,33404,620,14.67,1.8561,490.15,12,BRL
2026-03-12,2026-03-12,120274831420778493,MT_LEADS_PEQ_VAREJO_001,OUTCOME_LEADS,21598,750,34.72,3.4725,749.95,27,BRL
2026-03-12,2026-03-12,120299701614704712,MT_LEADS_REDES_LOJAS_002,OUTCOME_LEADS,10198,227,32.82,2.2259,334.70,14,BRL
2026-03-12,2026-03-12,120299759557666597,MT_TRAFEGO_LP_001,OUTCOME_TRAFFIC,7942,151,22.24,1.9013,176.61,9,BRL
2026-03-12,2026-03-12,120229181304803814,MT_RMKT_SITE_001,OUTCOME_SALES,7847,223,35.99,2.8419,282.43,10,BRL
2026-03-12,2026-03-12,120213935476223121,MT_VIDEO_ESTOQUE_001,OUTCOME_AWARENESS,25264,626,16.79,2.4778,424.17,7,BRL
2026-03-13,2026-03-13,120274831420778493,MT_LEADS_PEQ_VAREJO_001,OUTCOME_LEADS,28735,598,20.77,2.0811,596.73,26,BRL
2026-03-13,2026-03-13,120299701614704712,MT_LEADS_REDES_LOJAS_002,OUTCOME_LEADS,18373,411,26.74,2.2370,491.28,19,BRL
2026-03-13,2026-03-13,120299759557666597,MT_TRAFEGO_LP_001,OUTCOME_TRAFFIC,40164,844,23.05,2.1014,925.60,23,BRL
2026-03-13,2026-03-13,120229181304803814,MT_RMKT_SITE_001,OUTCOME_SALES,13922,327,23.22,2.3488,323.32,12,BRL
2026-03-13,2026-03-13,120213935476223121,MT_VIDEO_ESTOQUE_001,OUTCOME_AWARENESS,12809,305,20.66,2.3811,264.58,7,BRL
2026-03-14,2026-03-14,120274831420778493,MT_LEADS_PEQ_VAREJO_001,OUTCOME_LEADS,31272,780,28.36,2.4942,886.83,23,BRL
2026-03-14,2026-03-14,120299701614704712,MT_LEADS_REDES_LOJAS_002,OUTCOME_LEADS,20726,446,20.15,2.1519,417.57,16,BRL
2026-03-14,2026-03-14,120299759557666597,MT_TRAFEGO_LP_001,OUTCOME_TRAFFIC,25107,504,23.43,2.0074,588.35,16,BRL
2026-03-14,2026-03-14,120229181304803814,MT_RMKT_SITE_001,OUTCOME_SALES,4845,146,37.83,3.0134,183.31,8,BRL
2026-03-14,2026-03-14,120213935476223121,MT_VIDEO_ESTOQUE_001,OUTCOME_AWARENESS,23843,468,15.14,1.9628,360.89,12,BRL
2026-03-15,2026-03-15,120274831420778493,MT_LEADS_PEQ_VAREJO_001,OUTCOME_LEADS,22288,544,25.65,2.4408,571.62,23,BRL
2026-03-15,2026-03-15,120299701614704712,MT_LEADS_REDES_LOJAS_002,OUTCOME_LEADS,18641,631,43.80,3.3850,816.55,18,BRL
2026-03-15,2026-03-15,120299759557666597,MT_TRAFEGO_LP_001,OUTCOME_TRAFFIC,17837,372,23.40,2.0856,417.45,16,BRL
2026-03-15,2026-03-15,120229181304803814,MT_RMKT_SITE_001,OUTCOME_SALES,9047,235,28.11,2.5975,254.33,9,BRL
2026-03-15,2026-03-15,120213935476223121,MT_VIDEO_ESTOQUE_001,OUTCOME_AWARENESS,19503,412,20.53,2.1125,400.49,8,BRL
2026-03-16,2026-03-16,120274831420778493,MT_LEADS_PEQ_VAREJO_001,OUTCOME_LEADS,31002,700,18.98,2.2579,588.27,25,BRL
2026-03-16,2026-03-16,120299701614704712,MT_LEADS_REDES_LOJAS_002,OUTCOME_LEADS,38521,665,21.41,1.7263,824.68,21,BRL
2026-03-16,2026-03-16,120299759557666597,MT_TRAFEGO_LP_001,OUTCOME_TRAFFIC,25517,520,23.28,2.0379,594.04,14,BRL
2026-03-16,2026-03-16,120229181304803814,MT_RMKT_SITE_001,OUTCOME_SALES,7220,177,41.11,2.4515,296.85,12,BRL
2026-03-16,2026-03-16,120213935476223121,MT_VIDEO_ESTOQUE_001,OUTCOME_AWARENESS,15418,338,18.28,2.1922,281.78,6,BRL
2026-03-17,2026-03-17,120274831420778493,MT_LEADS_PEQ_VAREJO_001,OUTCOME_LEADS,17379,515,30.73,2.9633,534.13,25,BRL
2026-03-17,2026-03-17,120299701614704712,MT_LEADS_REDES_LOJAS_002,OUTCOME_LEADS,11800,304,38.42,2.5763,453.31,17,BRL
2026-03-17,2026-03-17,120299759557666597,MT_TRAFEGO_LP_001,OUTCOME_TRAFFIC,22711,532,25.41,2.3425,577.13,13,BRL
2026-03-17,2026-03-17,120229181304803814,MT_RMKT_SITE_001,OUTCOME_SALES,5397,138,36.20,2.5570,195.36,11,BRL
2026-03-17,2026-03-17,120213935476223121,MT_VIDEO_ESTOQUE_001,OUTCOME_AWARENESS,15719,313,18.12,1.9912,284.90,6,BRL
2026-03-18,2026-03-18,120274831420778493,MT_LEADS_PEQ_VAREJO_001,OUTCOME_LEADS,17679,344,18.86,1.9458,333.43,16,BRL
2026-03-18,2026-03-18,120299701614704712,MT_LEADS_REDES_LOJAS_002,OUTCOME_LEADS,12148,251,28.82,2.0662,350.11,11,BRL
2026-03-18,2026-03-18,120299759557666597,MT_TRAFEGO_LP_001,OUTCOME_TRAFFIC,13801,345,27.03,2.4998,373.01,12,BRL
2026-03-18,2026-03-18,120229181304803814,MT_RMKT_SITE_001,OUTCOME_SALES,6411,175,37.54,2.7297,240.70,15,BRL
2026-03-18,2026-03-18,120213935476223121,MT_VIDEO_ESTOQUE_001,OUTCOME_AWARENESS,21633,292,14.29,1.3498,309.05,9,BRL
2026-03-19,2026-03-19,120274831420778493,MT_LEADS_PEQ_VAREJO_001,OUTCOME_LEADS,14620,448,32.03,3.0643,468.23,19,BRL
2026-03-19,2026-03-19,120299701614704712,MT_LEADS_REDES_LOJAS_002,OUTCOME_LEADS,8720,250,37.43,2.8670,326.39,15,BRL
2026-03-19,2026-03-19,120299759557666597,MT_TRAFEGO_LP_001,OUTCOME_TRAFFIC,12995,308,26.01,2.3701,338.02,13,BRL
2026-03-19,2026-03-19,120229181304803814,MT_RMKT_SITE_001,OUTCOME_SALES,6569,195,40.33,2.9685,264.94,13,BRL
2026-03-19,2026-03-19,120213935476223121,MT_VIDEO_ESTOQUE_001,OUTCOME_AWARENESS,12895,242,16.15,1.8767,208.21,6,BRL
2026-03-20,2026-03-20,120274831420778493,MT_LEADS_PEQ_VAREJO_001,OUTCOME_LEADS,25156,845,32.10,3.3590,807.54,30,BRL
2026-03-20,2026-03-20,120299701614704712,MT_LEADS_REDES_LOJAS_002,OUTCOME_LEADS,6165,151,37.97,2.4493,234.06,8,BRL
2026-03-20,2026-03-20,120299759557666597,MT_TRAFEGO_LP_001,OUTCOME_TRAFFIC,12424,380,34.81,3.0586,432.51,11,BRL
2026-03-20,2026-03-20,120229181304803814,MT_RMKT_SITE_001,OUTCOME_SALES,12024,408,29.57,3.3932,355.50,15,BRL
2026-03-20,2026-03-20,120213935476223121,MT_VIDEO_ESTOQUE_001,OUTCOME_AWARENESS,15654,257,13.08,1.6418,204.78,9,BRL
2026-03-21,2026-03-21,120274831420778493,MT_LEADS_PEQ_VAREJO_001,OUTCOME_LEADS,13055,435,31.58,3.3321,412.30,27,BRL
2026-03-21,2026-03-21,120299701614704712,MT_LEADS_REDES_LOJAS_002,OUTCOME_LEADS,9981,207,24.13,2.0739,240.84,11,BRL
2026-03-21,2026-03-21,120299759557666597,MT_TRAFEGO_LP_001,OUTCOME_TRAFFIC,16638,364,32.85,2.1878,546.60,18,BRL
2026-03-21,2026-03-21,120229181304803814,MT_RMKT_SITE_001,OUTCOME_SALES,7636,237,29.04,3.1037,221.73,13,BRL
2026-03-21,2026-03-21,120213935476223121,MT_VIDEO_ESTOQUE_001,OUTCOME_AWARENESS,27734,591,18.76,2.1310,520.31,9,BRL
2026-03-22,2026-03-22,120274831420778493,MT_LEADS_PEQ_VAREJO_001,OUTCOME_LEADS,41518,1134,23.46,2.7313,974.05,31,BRL
2026-03-22,2026-03-22,120299701614704712,MT_LEADS_REDES_LOJAS_002,OUTCOME_LEADS,18747,431,32.16,2.2990,602.96,16,BRL
2026-03-22,2026-03-22,120299759557666597,MT_TRAFEGO_LP_001,OUTCOME_TRAFFIC,15586,292,21.15,1.8735,329.72,10,BRL
2026-03-22,2026-03-22,120229181304803814,MT_RMKT_SITE_001,OUTCOME_SALES,8907,239,29.48,2.6833,262.54,21,BRL
2026-03-22,2026-03-22,120213935476223121,MT_VIDEO_ESTOQUE_001,OUTCOME_AWARENESS,13926,329,24.93,2.3625,347.18,7,BRL
2026-03-23,2026-03-23,120274831420778493,MT_LEADS_PEQ_VAREJO_001,OUTCOME_LEADS,27344,639,23.47,2.3369,641.81,32,BRL
2026-03-23,2026-03-23,120299701614704712,MT_LEADS_REDES_LOJAS_002,OUTCOME_LEADS,25799,534,20.41,2.0698,526.57,13,BRL
2026-03-23,2026-03-23,120299759557666597,MT_TRAFEGO_LP_001,OUTCOME_TRAFFIC,24901,635,24.40,2.5501,607.47,16,BRL
2026-03-23,2026-03-23,120229181304803814,MT_RMKT_SITE_001,OUTCOME_SALES,9823,325,38.12,3.3086,374.48,16,BRL
2026-03-23,2026-03-23,120213935476223121,MT_VIDEO_ESTOQUE_001,OUTCOME_AWARENESS,22918,451,15.77,1.9679,361.41,8,BRL
2026-03-24,2026-03-24,120274831420778493,MT_LEADS_PEQ_VAREJO_001,OUTCOME_LEADS,19764,478,22.34,2.4185,441.47,27,BRL
2026-03-24,2026-03-24,120299701614704712,MT_LEADS_REDES_LOJAS_002,OUTCOME_LEADS,15176,284,22.19,1.8714,336.74,14,BRL
2026-03-24,2026-03-24,120299759557666597,MT_TRAFEGO_LP_001,OUTCOME_TRAFFIC,33890,621,19.69,1.8324,667.42,14,BRL
2026-03-24,2026-03-24,120229181304803814,MT_RMKT_SITE_001,OUTCOME_SALES,9233,267,37.53,2.8918,346.54,17,BRL
2026-03-24,2026-03-24,120213935476223121,MT_VIDEO_ESTOQUE_001,OUTCOME_AWARENESS,27544,504,13.82,1.8298,380.78,9,BRL
2026-03-25,2026-03-25,120274831420778493,MT_LEADS_PEQ_VAREJO_001,OUTCOME_LEADS,23709,554,20.85,2.3367,494.24,22,BRL
2026-03-25,2026-03-25,120299701614704712,MT_LEADS_REDES_LOJAS_002,OUTCOME_LEADS,16511,386,32.02,2.3378,528.68,17,BRL
2026-03-25,2026-03-25,120299759557666597,MT_TRAFEGO_LP_001,OUTCOME_TRAFFIC,22750,582,29.92,2.5582,680.79,18,BRL
2026-03-25,2026-03-25,120229181304803814,MT_RMKT_SITE_001,OUTCOME_SALES,11273,264,35.28,2.3419,397.76,16,BRL
2026-03-25,2026-03-25,120213935476223121,MT_VIDEO_ESTOQUE_001,OUTCOME_AWARENESS,15048,235,12.74,1.5617,191.68,7,BRL
2026-03-26,2026-03-26,120274831420778493,MT_LEADS_PEQ_VAREJO_001,OUTCOME_LEADS,31682,907,34.60,2.8628,1096.28,21,BRL
2026-03-26,2026-03-26,120299701614704712,MT_LEADS_REDES_LOJAS_002,OUTCOME_LEADS,11547,272,27.35,2.3556,315.84,12,BRL
2026-03-26,2026-03-26,120299759557666597,MT_TRAFEGO_LP_001,OUTCOME_TRAFFIC,9969,232,26.10,2.3272,260.21,7,BRL
2026-03-26,2026-03-26,120229181304803814,MT_RMKT_SITE_001,OUTCOME_SALES,20294,525,31.44,2.5870,638.09,19,BRL
2026-03-26,2026-03-26,120213935476223121,MT_VIDEO_ESTOQUE_001,OUTCOME_AWARENESS,20357,493,20.30,2.4218,413.26,13,BRL
2026-03-27,2026-03-27,120274831420778493,MT_LEADS_PEQ_VAREJO_001,OUTCOME_LEADS,18803,602,38.65,3.2016,726.70,29,BRL
2026-03-27,2026-03-27,120299701614704712,MT_LEADS_REDES_LOJAS_002,OUTCOME_LEADS,7412,156,30.31,2.1047,224.64,9,BRL
2026-03-27,2026-03-27,120299759557666597,MT_TRAFEGO_LP_001,OUTCOME_TRAFFIC,23287,487,23.15,2.0913,539.08,14,BRL
2026-03-27,2026-03-27,120229181304803814,MT_RMKT_SITE_001,OUTCOME_SALES,9720,271,39.16,2.7881,380.60,13,BRL
2026-03-27,2026-03-27,120213935476223121,MT_VIDEO_ESTOQUE_001,OUTCOME_AWARENESS,9627,197,18.19,2.0463,175.15,7,BRL
2026-03-28,2026-03-28,120274831420778493,MT_LEADS_PEQ_VAREJO_001,OUTCOME_LEADS,38073,983,23.27,2.5819,885.82,24,BRL
2026-03-28,2026-03-28,120299701614704712,MT_LEADS_REDES_LOJAS_002,OUTCOME_LEADS,19006,385,27.34,2.0257,519.64,16,BRL
2026-03-28,2026-03-28,120299759557666597,MT_TRAFEGO_LP_001,OUTCOME_TRAFFIC,22393,473,23.22,2.1123,519.96,15,BRL
2026-03-28,2026-03-28,120229181304803814,MT_RMKT_SITE_001,OUTCOME_SALES,5174,146,38.13,2.8218,197.28,13,BRL
2026-03-28,2026-03-28,120213935476223121,MT_VIDEO_ESTOQUE_001,OUTCOME_AWARENESS,10054,245,22.05,2.4368,221.68,6,BRL
2026-03-29,2026-03-29,120274831420778493,MT_LEADS_PEQ_VAREJO_001,OUTCOME_LEADS,25735,619,23.67,2.4053,609.22,22,BRL
2026-03-29,2026-03-29,120299701614704712,MT_LEADS_REDES_LOJAS_002,OUTCOME_LEADS,21198,466,29.38,2.1983,622.81,18,BRL
2026-03-29,2026-03-29,120299759557666597,MT_TRAFEGO_LP_001,OUTCOME_TRAFFIC,19864,454,24.11,2.2855,478.99,15,BRL
2026-03-29,2026-03-29,120229181304803814,MT_RMKT_SITE_001,OUTCOME_SALES,7256,182,31.10,2.5083,225.63,13,BRL
2026-03-29,2026-03-29,120213935476223121,MT_VIDEO_ESTOQUE_001,OUTCOME_AWARENESS,4647,92,18.39,1.9798,85.46,2,BRL
2026-03-30,2026-03-30,120274831420778493,MT_LEADS_PEQ_VAREJO_001,OUTCOME_LEADS,22486,714,30.53,3.1753,686.60,28,BRL
2026-03-30,2026-03-30,120299701614704712,MT_LEADS_REDES_LOJAS_002,OUTCOME_LEADS,19963,426,23.25,2.1339,464.21,17,BRL
2026-03-30,2026-03-30,120299759557666597,MT_TRAFEGO_LP_001,OUTCOME_TRAFFIC,41311,828,23.30,2.0043,962.58,16,BRL
2026-03-30,2026-03-30,120229181304803814,MT_RMKT_SITE_001,OUTCOME_SALES,11578,429,55.36,3.7053,640.92,20,BRL
2026-03-30,2026-03-30,120213935476223121,MT_VIDEO_ESTOQUE_001,OUTCOME_AWARENESS,9153,208,18.23,2.2725,166.90,5,BRL
2026-03-31,2026-03-31,120274831420778493,MT_LEADS_PEQ_VAREJO_001,OUTCOME_LEADS,17316,530,35.97,3.0608,622.81,26,BRL
2026-03-31,2026-03-31,120299701614704712,MT_LEADS_REDES_LOJAS_002,OUTCOME_LEADS,15288,311,20.83,2.0343,318.43,11,BRL
2026-03-31,2026-03-31,120299759557666597,MT_TRAFEGO_LP_001,OUTCOME_TRAFFIC,17534,464,30.55,2.6463,535.72,15,BRL
2026-03-31,2026-03-31,120229181304803814,MT_RMKT_SITE_001,OUTCOME_SALES,8890,306,38.11,3.4421,338.83,14,BRL
2026-03-31,2026-03-31,120213935476223121,MT_VIDEO_ESTOQUE_001,OUTCOME_AWARENESS,8911,208,18.91,2.3342,168.50,6,BRL
2026-04-01,2026-04-01,120274831420778493,MT_LEADS_PEQ_VAREJO_001,OUTCOME_LEADS,40184,1359,25.03,3.3819,1005.76,26,BRL
2026-04-01,2026-04-01,120299701614704712,MT_LEADS_REDES_LOJAS_002,OUTCOME_LEADS,19245,445,28.52,2.3123,548.81,15,BRL
2026-04-01,2026-04-01,120299759557666597,MT_TRAFEGO_LP_001,OUTCOME_TRAFFIC,42292,1000,23.95,2.3645,1012.98,22,BRL
2026-04-01,2026-04-01,120229181304803814,MT_RMKT_SITE_001,OUTCOME_SALES,7962,194,34.08,2.4366,271.37,16,BRL
2026-04-01,2026-04-01,120213935476223121,MT_VIDEO_ESTOQUE_001,OUTCOME_AWARENESS,4437,95,17.42,2.1411,77.30,3,BRL
2026-04-02,2026-04-02,120274831420778493,MT_LEADS_PEQ_VAREJO_001,OUTCOME_LEADS,30654,649,23.21,2.1172,711.35,26,BRL
2026-04-02,2026-04-02,120299701614704712,MT_LEADS_REDES_LOJAS_002,OUTCOME_LEADS,14283,382,33.98,2.6745,485.37,11,BRL
2026-04-02,2026-04-02,120299759557666597,MT_TRAFEGO_LP_001,OUTCOME_TRAFFIC,24705,534,29.12,2.1615,719.33,19,BRL
2026-04-02,2026-04-02,120229181304803814,MT_RMKT_SITE_001,OUTCOME_SALES,8529,279,42.29,3.2712,360.72,21,BRL
2026-04-02,2026-04-02,120213935476223121,MT_VIDEO_ESTOQUE_001,OUTCOME_AWARENESS,20901,373,15.14,1.7846,316.38,8,BRL
2026-04-03,2026-04-03,120274831420778493,MT_LEADS_PEQ_VAREJO_001,OUTCOME_LEADS,23267,531,20.86,2.2822,485.27,26,BRL
2026-04-03,2026-04-03,120299701614704712,MT_LEADS_REDES_LOJAS_002,OUTCOME_LEADS,4735,113,34.34,2.3865,162.58,8,BRL
2026-04-03,2026-04-03,120299759557666597,MT_TRAFEGO_LP_001,OUTCOME_TRAFFIC,28480,462,17.74,1.6222,505.18,19,BRL
2026-04-03,2026-04-03,120229181304803814,MT_RMKT_SITE_001,OUTCOME_SALES,10980,263,23.26,2.3953,255.37,14,BRL
2026-04-03,2026-04-03,120213935476223121,MT_VIDEO_ESTOQUE_001,OUTCOME_AWARENESS,8738,202,26.24,2.3117,229.26,9,BRL
2026-04-04,2026-04-04,120274831420778493,MT_LEADS_PEQ_VAREJO_001,OUTCOME_LEADS,12067,381,33.21,3.1574,400.69,22,BRL
2026-04-04,2026-04-04,120299701614704712,MT_LEADS_REDES_LOJAS_002,OUTCOME_LEADS,20116,385,22.89,1.9139,460.51,14,BRL
2026-04-04,2026-04-04,120299759557666597,MT_TRAFEGO_LP_001,OUTCOME_TRAFFIC,24293,559,20.56,2.3011,499.45,13,BRL
2026-04-04,2026-04-04,120229181304803814,MT_RMKT_SITE_001,OUTCOME_SALES,4593,109,35.45,2.3732,162.81,8,BRL
2026-04-04,2026-04-04,120213935476223121,MT_VIDEO_ESTOQUE_001,OUTCOME_AWARENESS,8700,175,23.58,2.0115,205.15,5,BRL
2026-04-05,2026-04-05,120274831420778493,MT_LEADS_PEQ_VAREJO_001,OUTCOME_LEADS,24765,694,34.67,2.8023,858.69,26,BRL
2026-04-05,2026-04-05,120299701614704712,MT_LEADS_REDES_LOJAS_002,OUTCOME_LEADS,6351,152,34.91,2.3933,221.69,10,BRL
2026-04-05,2026-04-05,120299759557666597,MT_TRAFEGO_LP_001,OUTCOME_TRAFFIC,36243,802,18.38,2.2128,666.13,19,BRL
2026-04-05,2026-04-05,120229181304803814,MT_RMKT_SITE_001,OUTCOME_SALES,10739,302,30.32,2.8122,325.66,15,BRL
2026-04-05,2026-04-05,120213935476223121,MT_VIDEO_ESTOQUE_001,OUTCOME_AWARENESS,28097,549,14.86,1.9539,417.43,14,BRL
2026-04-06,2026-04-06,120274831420778493,MT_LEADS_PEQ_VAREJO_001,OUTCOME_LEADS,30234,677,17.88,2.2392,540.46,22,BRL
2026-04-06,2026-04-06,120299701614704712,MT_LEADS_REDES_LOJAS_002,OUTCOME_LEADS,16586,287,27.45,1.7304,455.29,20,BRL
2026-04-06,2026-04-06,120299759557666597,MT_TRAFEGO_LP_001,OUTCOME_TRAFFIC,14180,371,25.81,2.6164,365.96,11,BRL
2026-04-06,2026-04-06,120229181304803814,MT_RMKT_SITE_001,OUTCOME_SALES,9107,320,42.27,3.5138,384.94,11,BRL
2026-04-06,2026-04-06,120213935476223121,MT_VIDEO_ESTOQUE_001,OUTCOME_AWARENESS,23382,489,17.74,2.0914,414.70,12,BRL
2026-04-07,2026-04-07,120274831420778493,MT_LEADS_PEQ_VAREJO_001,OUTCOME_LEADS,34404,834,30.41,2.4241,1046.36,32,BRL
2026-04-07,2026-04-07,120299701614704712,MT_LEADS_REDES_LOJAS_002,OUTCOME_LEADS,13016,316,27.24,2.4278,354.56,13,BRL
2026-04-07,2026-04-07,120299759557666597,MT_TRAFEGO_LP_001,OUTCOME_TRAFFIC,21968,483,27.64,2.1987,607.26,15,BRL
2026-04-07,2026-04-07,120229181304803814,MT_RMKT_SITE_001,OUTCOME_SALES,8443,172,26.18,2.0372,221.00,19,BRL
2026-04-07,2026-04-07,120213935476223121,MT_VIDEO_ESTOQUE_001,OUTCOME_AWARENESS,23505,535,25.31,2.2761,594.85,12,BRL
2026-04-08,2026-04-08,120274831420778493,MT_LEADS_PEQ_VAREJO_001,OUTCOME_LEADS,14881,443,29.56,2.9770,439.88,24,BRL
2026-04-08,2026-04-08,120299701614704712,MT_LEADS_REDES_LOJAS_002,OUTCOME_LEADS,10978,340,39.82,3.0971,437.17,19,BRL
2026-04-08,2026-04-08,120299759557666597,MT_TRAFEGO_LP_001,OUTCOME_TRAFFIC,17671,495,25.38,2.8012,448.44,16,BRL
2026-04-08,2026-04-08,120229181304803814,MT_RMKT_SITE_001,OUTCOME_SALES,5069,126,29.72,2.4857,150.65,8,BRL
2026-04-08,2026-04-08,120213935476223121,MT_VIDEO_ESTOQUE_001,OUTCOME_AWARENESS,35276,604,14.86,1.7122,524.08,12,BRL
2026-04-09,2026-04-09,120274831420778493,MT_LEADS_PEQ_VAREJO_001,OUTCOME_LEADS,12310,241,19.41,1.9578,238.98,11,BRL
2026-04-09,2026-04-09,120299701614704712,MT_LEADS_REDES_LOJAS_002,OUTCOME_LEADS,11634,285,32.10,2.4497,373.49,15,BRL
2026-04-09,2026-04-09,120299759557666597,MT_TRAFEGO_LP_001,OUTCOME_TRAFFIC,18350,501,29.53,2.7302,541.92,16,BRL
2026-04-09,2026-04-09,120229181304803814,MT_RMKT_SITE_001,OUTCOME_SALES,3460,102,46.45,2.9480,160.73,7,BRL
2026-04-09,2026-04-09,120213935476223121,MT_VIDEO_ESTOQUE_001,OUTCOME_AWARENESS,15678,271,16.02,1.7285,251.13,6,BRL
2026-04-10,2026-04-10,120274831420778493,MT_LEADS_PEQ_VAREJO_001,OUTCOME_LEADS,12790,312,21.99,2.4394,281.21,20,BRL
2026-04-10,2026-04-10,120299701614704712,MT_LEADS_REDES_LOJAS_002,OUTCOME_LEADS,12350,316,37.77,2.5587,466.40,20,BRL
2026-04-10,2026-04-10,120299759557666597,MT_TRAFEGO_LP_001,OUTCOME_TRAFFIC,15356,418,25.62,2.7221,393.46,11,BRL
2026-04-10,2026-04-10,120229181304803814,MT_RMKT_SITE_001,OUTCOME_SALES,8578,240,29.02,2.7979,248.93,10,BRL
2026-04-10,2026-04-10,120213935476223121,MT_VIDEO_ESTOQUE_001,OUTCOME_AWARENESS,10424,233,19.96,2.2352,208.11,7,BRL
2026-04-11,2026-04-11,120274831420778493,MT_LEADS_PEQ_VAREJO_001,OUTCOME_LEADS,24226,662,29.40,2.7326,712.21,17,BRL
2026-04-11,2026-04-11,120299701614704712,MT_LEADS_REDES_LOJAS_002,OUTCOME_LEADS,11499,278,30.88,2.4176,355.11,10,BRL
2026-04-11,2026-04-11,120299759557666597,MT_TRAFEGO_LP_001,OUTCOME_TRAFFIC,33513,605,17.29,1.8053,579.38,18,BRL
2026-04-11,2026-04-11,120229181304803814,MT_RMKT_SITE_001,OUTCOME_SALES,10954,292,34.26,2.6657,375.23,13,BRL
2026-04-11,2026-04-11,120213935476223121,MT_VIDEO_ESTOQUE_001,OUTCOME_AWARENESS,21916,449,22.71,2.0487,497.70,12,BRL
2026-04-12,2026-04-12,120274831420778493,MT_LEADS_PEQ_VAREJO_001,OUTCOME_LEADS,25366,724,24.67,2.8542,625.88,24,BRL
2026-04-12,2026-04-12,120299701614704712,MT_LEADS_REDES_LOJAS_002,OUTCOME_LEADS,7916,152,30.26,1.9202,239.55,9,BRL
2026-04-12,2026-04-12,120299759557666597,MT_TRAFEGO_LP_001,OUTCOME_TRAFFIC,6217,197,43.61,3.1687,271.14,9,BRL
2026-04-12,2026-04-12,120229181304803814,MT_RMKT_SITE_001,OUTCOME_SALES,5888,142,31.00,2.4117,182.51,13,BRL
2026-04-12,2026-04-12,120213935476223121,MT_VIDEO_ESTOQUE_001,OUTCOME_AWARENESS,18905,406,24.43,2.1476,461.92,9,BRL
2026-04-13,2026-04-13,120274831420778493,MT_LEADS_PEQ_VAREJO_001,OUTCOME_LEADS,27383,623,30.21,2.2751,827.29,33,BRL
2026-04-13,2026-04-13,120299701614704712,MT_LEADS_REDES_LOJAS_002,OUTCOME_LEADS,18650,396,25.62,2.1233,477.74,14,BRL
2026-04-13,2026-04-13,120299759557666597,MT_TRAFEGO_LP_001,OUTCOME_TRAFFIC,18941,709,30.97,3.7432,586.66,13,BRL
2026-04-13,2026-04-13,120229181304803814,MT_RMKT_SITE_001,OUTCOME_SALES,3402,104,40.37,3.0570,137.34,6,BRL
2026-04-13,2026-04-13,120213935476223121,MT_VIDEO_ESTOQUE_001,OUTCOME_AWARENESS,31776,552,16.26,1.7372,516.76,12,BRL
2026-04-14,2026-04-14,120274831420778493,MT_LEADS_PEQ_VAREJO_001,OUTCOME_LEADS,27402,658,26.92,2.4013,737.62,29,BRL
2026-04-14,2026-04-14,120299701614704712,MT_LEADS_REDES_LOJAS_002,OUTCOME_LEADS,10352,209,30.54,2.0189,316.19,13,BRL
2026-04-14,2026-04-14,120299759557666597,MT_TRAFEGO_LP_001,OUTCOME_TRAFFIC,24023,517,17.53,2.1521,421.03,11,BRL
2026-04-14,2026-04-14,120229181304803814,MT_RMKT_SITE_001,OUTCOME_SALES,14614,468,36.70,3.2024,536.35,21,BRL
2026-04-14,2026-04-14,120213935476223121,MT_VIDEO_ESTOQUE_001,OUTCOME_AWARENESS,22168,380,15.55,1.7142,344.65,8,BRL
2026-04-15,2026-04-15,120274831420778493,MT_LEADS_PEQ_VAREJO_001,OUTCOME_LEADS,29071,560,17.56,1.9263,510.47,21,BRL
2026-04-15,2026-04-15,120299701614704712,MT_LEADS_REDES_LOJAS_002,OUTCOME_LEADS,15761,330,28.25,2.0938,445.25,15,BRL
2026-04-15,2026-04-15,120299759557666597,MT_TRAFEGO_LP_001,OUTCOME_TRAFFIC,14553,395,41.62,2.7142,605.67,17,BRL
2026-04-15,2026-04-15,120229181304803814,MT_RMKT_SITE_001,OUTCOME_SALES,7530,224,42.90,2.9748,323.04,12,BRL
2026-04-15,2026-04-15,120213935476223121,MT_VIDEO_ESTOQUE_001,OUTCOME_AWARENESS,29762,703,21.59,2.3621,642.47,12,BRL
2026-04-16,2026-04-16,120274831420778493,MT_LEADS_PEQ_VAREJO_001,OUTCOME_LEADS,18574,513,27.41,2.7619,509.09,18,BRL
2026-04-16,2026-04-16,120299701614704712,MT_LEADS_REDES_LOJAS_002,OUTCOME_LEADS,12183,269,24.51,2.2080,298.62,9,BRL
2026-04-16,2026-04-16,120299759557666597,MT_TRAFEGO_LP_001,OUTCOME_TRAFFIC,16272,387,23.49,2.3783,382.15,11,BRL
2026-04-16,2026-04-16,120229181304803814,MT_RMKT_SITE_001,OUTCOME_SALES,17467,476,29.87,2.7251,521.81,21,BRL
2026-04-16,2026-04-16,120213935476223121,MT_VIDEO_ESTOQUE_001,OUTCOME_AWARENESS,7516,168,22.57,2.2352,169.61,6,BRL
2026-04-17,2026-04-17,120274831420778493,MT_LEADS_PEQ_VAREJO_001,OUTCOME_LEADS,20698,632,26.22,3.0534,542.70,25,BRL
2026-04-17,2026-04-17,120299701614704712,MT_LEADS_REDES_LOJAS_002,OUTCOME_LEADS,10860,200,26.06,1.8416,282.98,13,BRL
2026-04-17,2026-04-17,120299759557666597,MT_TRAFEGO_LP_001,OUTCOME_TRAFFIC,16157,339,22.17,2.0982,358.12,14,BRL
2026-04-17,2026-04-17,120229181304803814,MT_RMKT_SITE_001,OUTCOME_SALES,8397,189,30.09,2.2508,252.69,15,BRL
2026-04-17,2026-04-17,120213935476223121,MT_VIDEO_ESTOQUE_001,OUTCOME_AWARENESS,10828,207,18.53,1.9117,200.65,7,BRL
2026-04-18,2026-04-18,120274831420778493,MT_LEADS_PEQ_VAREJO_001,OUTCOME_LEADS,7577,245,30.83,3.2335,233.57,12,BRL
2026-04-18,2026-04-18,120299701614704712,MT_LEADS_REDES_LOJAS_002,OUTCOME_LEADS,11314,361,46.85,3.1907,530.07,13,BRL
2026-04-18,2026-04-18,120299759557666597,MT_TRAFEGO_LP_001,OUTCOME_TRAFFIC,24349,571,21.52,2.3451,524.01,19,BRL
2026-04-18,2026-04-18,120229181304803814,MT_RMKT_SITE_001,OUTCOME_SALES,9424,242,31.09,2.5679,292.97,14,BRL
2026-04-18,2026-04-18,120213935476223121,MT_VIDEO_ESTOQUE_001,OUTCOME_AWARENESS,23664,452,14.60,1.9101,345.56,7,BRL
2026-04-19,2026-04-19,120274831420778493,MT_LEADS_PEQ_VAREJO_001,OUTCOME_LEADS,16154,561,40.81,3.4728,659.25,26,BRL
2026-04-19,2026-04-19,120299701614704712,MT_LEADS_REDES_LOJAS_002,OUTCOME_LEADS,11121,204,31.06,1.8344,345.39,13,BRL
2026-04-19,2026-04-19,120299759557666597,MT_TRAFEGO_LP_001,OUTCOME_TRAFFIC,22023,522,23.49,2.3702,517.29,16,BRL
2026-04-19,2026-04-19,120229181304803814,MT_RMKT_SITE_001,OUTCOME_SALES,10763,259,30.03,2.4064,323.18,12,BRL
2026-04-19,2026-04-19,120213935476223121,MT_VIDEO_ESTOQUE_001,OUTCOME_AWARENESS,16765,377,21.72,2.2487,364.15,11,BRL
2026-04-20,2026-04-20,120274831420778493,MT_LEADS_PEQ_VAREJO_001,OUTCOME_LEADS,9268,256,28.80,2.7622,266.90,21,BRL
2026-04-20,2026-04-20,120299701614704712,MT_LEADS_REDES_LOJAS_002,OUTCOME_LEADS,17758,397,33.46,2.2356,594.13,18,BRL
2026-04-20,2026-04-20,120299759557666597,MT_TRAFEGO_LP_001,OUTCOME_TRAFFIC,17629,368,27.86,2.0875,491.14,14,BRL
2026-04-20,2026-04-20,120229181304803814,MT_RMKT_SITE_001,OUTCOME_SALES,6718,251,50.43,3.7362,338.79,17,BRL
2026-04-20,2026-04-20,120213935476223121,MT_VIDEO_ESTOQUE_001,OUTCOME_AWARENESS,11998,260,20.34,2.1670,244.00,8,BRL
2026-04-21,2026-04-21,120274831420778493,MT_LEADS_PEQ_VAREJO_001,OUTCOME_LEADS,30779,775,24.89,2.5180,766.23,20,BRL
2026-04-21,2026-04-21,120299701614704712,MT_LEADS_REDES_LOJAS_002,OUTCOME_LEADS,10281,279,33.52,2.7137,344.66,12,BRL
2026-04-21,2026-04-21,120299759557666597,MT_TRAFEGO_LP_001,OUTCOME_TRAFFIC,42696,1017,17.10,2.3820,729.98,15,BRL
2026-04-21,2026-04-21,120229181304803814,MT_RMKT_SITE_001,OUTCOME_SALES,8519,214,36.28,2.5120,309.03,11,BRL
2026-04-21,2026-04-21,120213935476223121,MT_VIDEO_ESTOQUE_001,OUTCOME_AWARENESS,9469,215,19.17,2.2706,181.56,6,BRL
2026-04-22,2026-04-22,120274831420778493,MT_LEADS_PEQ_VAREJO_001,OUTCOME_LEADS,32368,955,27.22,2.9504,881.01,25,BRL
2026-04-22,2026-04-22,120299701614704712,MT_LEADS_REDES_LOJAS_002,OUTCOME_LEADS,17216,431,34.34,2.5035,591.22,18,BRL
2026-04-22,2026-04-22,120299759557666597,MT_TRAFEGO_LP_001,OUTCOME_TRAFFIC,19925,478,25.49,2.3990,507.82,17,BRL
2026-04-22,2026-04-22,120229181304803814,MT_RMKT_SITE_001,OUTCOME_SALES,5457,153,34.43,2.8037,187.86,8,BRL
2026-04-22,2026-04-22,120213935476223121,MT_VIDEO_ESTOQUE_001,OUTCOME_AWARENESS,11361,223,17.69,1.9629,200.97,8,BRL
2026-04-23,2026-04-23,120274831420778493,MT_LEADS_PEQ_VAREJO_001,OUTCOME_LEADS,27915,546,17.00,1.9559,474.68,24,BRL
2026-04-23,2026-04-23,120299701614704712,MT_LEADS_REDES_LOJAS_002,OUTCOME_LEADS,13120,294,32.81,2.2409,430.41,17,BRL
2026-04-23,2026-04-23,120299759557666597,MT_TRAFEGO_LP_001,OUTCOME_TRAFFIC,10577,273,29.96,2.5811,316.88,9,BRL
2026-04-23,2026-04-23,120229181304803814,MT_RMKT_SITE_001,OUTCOME_SALES,9094,297,48.07,3.2659,437.14,17,BRL
2026-04-23,2026-04-23,120213935476223121,MT_VIDEO_ESTOQUE_001,OUTCOME_AWARENESS,38546,717,17.02,1.8601,656.20,15,BRL
2026-04-24,2026-04-24,120274831420778493,MT_LEADS_PEQ_VAREJO_001,OUTCOME_LEADS,23926,594,20.87,2.4827,499.34,26,BRL
2026-04-24,2026-04-24,120299701614704712,MT_LEADS_REDES_LOJAS_002,OUTCOME_LEADS,9986,240,29.19,2.4034,291.46,12,BRL
2026-04-24,2026-04-24,120299759557666597,MT_TRAFEGO_LP_001,OUTCOME_TRAFFIC,18332,527,27.06,2.8748,496.06,18,BRL
2026-04-24,2026-04-24,120229181304803814,MT_RMKT_SITE_001,OUTCOME_SALES,8172,251,32.95,3.0715,269.25,12,BRL
2026-04-24,2026-04-24,120213935476223121,MT_VIDEO_ESTOQUE_001,OUTCOME_AWARENESS,16608,348,15.99,2.0954,265.52,7,BRL
2026-04-25,2026-04-25,120274831420778493,MT_LEADS_PEQ_VAREJO_001,OUTCOME_LEADS,14407,359,41.40,2.4918,596.45,19,BRL
2026-04-25,2026-04-25,120299701614704712,MT_LEADS_REDES_LOJAS_002,OUTCOME_LEADS,18798,359,22.76,1.9098,427.85,12,BRL
2026-04-25,2026-04-25,120299759557666597,MT_TRAFEGO_LP_001,OUTCOME_TRAFFIC,12883,279,27.07,2.1656,348.68,12,BRL
2026-04-25,2026-04-25,120229181304803814,MT_RMKT_SITE_001,OUTCOME_SALES,17554,393,27.58,2.2388,484.19,17,BRL
2026-04-25,2026-04-25,120213935476223121,MT_VIDEO_ESTOQUE_001,OUTCOME_AWARENESS,18116,425,16.41,2.3460,297.20,6,BRL
2026-04-26,2026-04-26,120274831420778493,MT_LEADS_PEQ_VAREJO_001,OUTCOME_LEADS,23314,524,22.90,2.2476,533.90,22,BRL
2026-04-26,2026-04-26,120299701614704712,MT_LEADS_REDES_LOJAS_002,OUTCOME_LEADS,18235,305,22.23,1.6726,405.31,11,BRL
2026-04-26,2026-04-26,120299759557666597,MT_TRAFEGO_LP_001,OUTCOME_TRAFFIC,7680,198,30.65,2.5781,235.40,8,BRL
2026-04-26,2026-04-26,120229181304803814,MT_RMKT_SITE_001,OUTCOME_SALES,24035,460,18.51,1.9139,444.97,11,BRL
2026-04-26,2026-04-26,120213935476223121,MT_VIDEO_ESTOQUE_001,OUTCOME_AWARENESS,31378,534,13.13,1.7018,411.91,12,BRL
2026-04-27,2026-04-27,120274831420778493,MT_LEADS_PEQ_VAREJO_001,OUTCOME_LEADS,19159,452,22.39,2.3592,428.88,27,BRL
2026-04-27,2026-04-27,120299701614704712,MT_LEADS_REDES_LOJAS_002,OUTCOME_LEADS,20148,413,20.69,2.0498,416.91,13,BRL
2026-04-27,2026-04-27,120299759557666597,MT_TRAFEGO_LP_001,OUTCOME_TRAFFIC,11365,267,28.51,2.3493,324.07,8,BRL
2026-04-27,2026-04-27,120229181304803814,MT_RMKT_SITE_001,OUTCOME_SALES,6716,187,34.82,2.7844,233.83,11,BRL
2026-04-27,2026-04-27,120213935476223121,MT_VIDEO_ESTOQUE_001,OUTCOME_AWARENESS,41950,778,18.09,1.8546,758.87,14,BRL
2026-04-28,2026-04-28,120274831420778493,MT_LEADS_PEQ_VAREJO_001,OUTCOME_LEADS,16371,407,22.49,2.4861,368.21,25,BRL
2026-04-28,2026-04-28,120299701614704712,MT_LEADS_REDES_LOJAS_002,OUTCOME_LEADS,20473,416,25.25,2.0319,516.87,18,BRL
2026-04-28,2026-04-28,120299759557666597,MT_TRAFEGO_LP_001,OUTCOME_TRAFFIC,24302,524,18.40,2.1562,447.05,16,BRL
2026-04-28,2026-04-28,120229181304803814,MT_RMKT_SITE_001,OUTCOME_SALES,8268,243,39.77,2.9390,328.81,15,BRL
2026-04-28,2026-04-28,120213935476223121,MT_VIDEO_ESTOQUE_001,OUTCOME_AWARENESS,23502,543,16.63,2.3104,390.77,6,BRL
2026-04-29,2026-04-29,120274831420778493,MT_LEADS_PEQ_VAREJO_001,OUTCOME_LEADS,25746,820,35.94,3.1850,925.19,30,BRL
2026-04-29,2026-04-29,120299701614704712,MT_LEADS_REDES_LOJAS_002,OUTCOME_LEADS,8177,220,39.47,2.6905,322.73,14,BRL
2026-04-29,2026-04-29,120299759557666597,MT_TRAFEGO_LP_001,OUTCOME_TRAFFIC,6740,253,45.25,3.7537,304.96,12,BRL
2026-04-29,2026-04-29,120229181304803814,MT_RMKT_SITE_001,OUTCOME_SALES,4794,169,39.84,3.5252,190.98,8,BRL
2026-04-29,2026-04-29,120213935476223121,MT_VIDEO_ESTOQUE_001,OUTCOME_AWARENESS,17806,387,19.85,2.1734,353.44,9,BRL
2026-04-30,2026-04-30,120274831420778493,MT_LEADS_PEQ_VAREJO_001,OUTCOME_LEADS,40183,961,21.35,2.3916,857.94,26,BRL
2026-04-30,2026-04-30,120299701614704712,MT_LEADS_REDES_LOJAS_002,OUTCOME_LEADS,14142,278,20.07,1.9658,283.83,11,BRL
2026-04-30,2026-04-30,120299759557666597,MT_TRAFEGO_LP_001,OUTCOME_TRAFFIC,10785,218,27.44,2.0213,295.93,12,BRL
2026-04-30,2026-04-30,120229181304803814,MT_RMKT_SITE_001,OUTCOME_SALES,13416,302,27.47,2.2510,368.56,17,BRL
2026-04-30,2026-04-30,120213935476223121,MT_VIDEO_ESTOQUE_001,OUTCOME_AWARENESS,24942,476,22.24,1.9084,554.80,12,BRL
2026-05-01,2026-05-01,120274831420778493,MT_LEADS_PEQ_VAREJO_001,OUTCOME_LEADS,29770,608,23.65,2.0423,704.11,22,BRL
2026-05-01,2026-05-01,120299701614704712,MT_LEADS_REDES_LOJAS_002,OUTCOME_LEADS,16001,354,32.78,2.2124,524.45,19,BRL
2026-05-01,2026-05-01,120299759557666597,MT_TRAFEGO_LP_001,OUTCOME_TRAFFIC,24655,508,28.23,2.0604,696.01,22,BRL
2026-05-01,2026-05-01,120229181304803814,MT_RMKT_SITE_001,OUTCOME_SALES,5305,157,42.85,2.9595,227.30,11,BRL
2026-05-01,2026-05-01,120213935476223121,MT_VIDEO_ESTOQUE_001,OUTCOME_AWARENESS,22413,396,16.55,1.7668,371.02,9,BRL
2026-05-02,2026-05-02,120274831420778493,MT_LEADS_PEQ_VAREJO_001,OUTCOME_LEADS,26083,613,21.81,2.3502,568.91,24,BRL
2026-05-02,2026-05-02,120299701614704712,MT_LEADS_REDES_LOJAS_002,OUTCOME_LEADS,14810,310,26.97,2.0932,399.48,15,BRL
2026-05-02,2026-05-02,120299759557666597,MT_TRAFEGO_LP_001,OUTCOME_TRAFFIC,30083,650,17.29,2.1607,520.18,18,BRL
2026-05-02,2026-05-02,120229181304803814,MT_RMKT_SITE_001,OUTCOME_SALES,13809,340,26.06,2.4622,359.84,17,BRL
2026-05-02,2026-05-02,120213935476223121,MT_VIDEO_ESTOQUE_001,OUTCOME_AWARENESS,18471,426,16.89,2.3063,312.01,5,BRL
2026-05-03,2026-05-03,120274831420778493,MT_LEADS_PEQ_VAREJO_001,OUTCOME_LEADS,20581,559,23.54,2.7161,484.44,17,BRL
2026-05-03,2026-05-03,120299701614704712,MT_LEADS_REDES_LOJAS_002,OUTCOME_LEADS,3751,90,32.59,2.3994,122.25,6,BRL
2026-05-03,2026-05-03,120299759557666597,MT_TRAFEGO_LP_001,OUTCOME_TRAFFIC,18881,423,21.33,2.2403,402.80,16,BRL
2026-05-03,2026-05-03,120229181304803814,MT_RMKT_SITE_001,OUTCOME_SALES,6200,200,39.07,3.2258,242.21,14,BRL
2026-05-03,2026-05-03,120213935476223121,MT_VIDEO_ESTOQUE_001,OUTCOME_AWARENESS,26866,577,19.91,2.1477,535.01,8,BRL
2026-05-04,2026-05-04,120274831420778493,MT_LEADS_PEQ_VAREJO_001,OUTCOME_LEADS,12088,329,27.51,2.7217,332.60,20,BRL
2026-05-04,2026-05-04,120299701614704712,MT_LEADS_REDES_LOJAS_002,OUTCOME_LEADS,20098,437,24.85,2.1743,499.38,15,BRL
2026-05-04,2026-05-04,120299759557666597,MT_TRAFEGO_LP_001,OUTCOME_TRAFFIC,17267,373,27.68,2.1602,477.93,13,BRL
2026-05-04,2026-05-04,120229181304803814,MT_RMKT_SITE_001,OUTCOME_SALES,13167,310,24.18,2.3544,318.38,11,BRL
2026-05-04,2026-05-04,120213935476223121,MT_VIDEO_ESTOQUE_001,OUTCOME_AWARENESS,6668,130,18.25,1.9496,121.67,4,BRL
2026-05-05,2026-05-05,120274831420778493,MT_LEADS_PEQ_VAREJO_001,OUTCOME_LEADS,13478,406,34.43,3.0123,464.07,18,BRL
2026-05-05,2026-05-05,120299701614704712,MT_LEADS_REDES_LOJAS_002,OUTCOME_LEADS,19595,486,27.91,2.4802,546.97,19,BRL
2026-05-05,2026-05-05,120299759557666597,MT_TRAFEGO_LP_001,OUTCOME_TRAFFIC,19660,613,31.99,3.1180,628.85,16,BRL
2026-05-05,2026-05-05,120229181304803814,MT_RMKT_SITE_001,OUTCOME_SALES,3982,133,43.98,3.3400,175.12,8,BRL
2026-05-05,2026-05-05,120213935476223121,MT_VIDEO_ESTOQUE_001,OUTCOME_AWARENESS,32205,555,14.37,1.7233,462.87,10,BRL
2026-05-06,2026-05-06,120274831420778493,MT_LEADS_PEQ_VAREJO_001,OUTCOME_LEADS,19484,446,19.23,2.2891,374.58,17,BRL
2026-05-06,2026-05-06,120299701614704712,MT_LEADS_REDES_LOJAS_002,OUTCOME_LEADS,16572,320,36.83,1.9310,610.27,19,BRL
2026-05-06,2026-05-06,120299759557666597,MT_TRAFEGO_LP_001,OUTCOME_TRAFFIC,10098,307,31.55,3.0402,318.63,11,BRL
2026-05-06,2026-05-06,120229181304803814,MT_RMKT_SITE_001,OUTCOME_SALES,10179,332,28.76,3.2616,292.70,14,BRL
2026-05-06,2026-05-06,120213935476223121,MT_VIDEO_ESTOQUE_001,OUTCOME_AWARENESS,20626,356,17.29,1.7260,356.69,10,BRL
2026-05-07,2026-05-07,120274831420778493,MT_LEADS_PEQ_VAREJO_001,OUTCOME_LEADS,23409,575,25.48,2.4563,596.46,26,BRL
2026-05-07,2026-05-07,120299701614704712,MT_LEADS_REDES_LOJAS_002,OUTCOME_LEADS,20540,602,27.03,2.9309,555.28,22,BRL
2026-05-07,2026-05-07,120299759557666597,MT_TRAFEGO_LP_001,OUTCOME_TRAFFIC,30094,861,25.23,2.8610,759.20,19,BRL
2026-05-07,2026-05-07,120229181304803814,MT_RMKT_SITE_001,OUTCOME_SALES,8936,261,48.74,2.9208,435.55,14,BRL
2026-05-07,2026-05-07,120213935476223121,MT_VIDEO_ESTOQUE_001,OUTCOME_AWARENESS,12742,337,25.92,2.6448,330.31,8,BRL
2026-05-08,2026-05-08,120274831420778493,MT_LEADS_PEQ_VAREJO_001,OUTCOME_LEADS,31730,584,19.59,1.8405,621.47,29,BRL
2026-05-08,2026-05-08,120299701614704712,MT_LEADS_REDES_LOJAS_002,OUTCOME_LEADS,19904,373,19.17,1.8740,381.61,10,BRL
2026-05-08,2026-05-08,120299759557666597,MT_TRAFEGO_LP_001,OUTCOME_TRAFFIC,19982,453,27.26,2.2670,544.64,13,BRL
2026-05-08,2026-05-08,120229181304803814,MT_RMKT_SITE_001,OUTCOME_SALES,4502,144,44.83,3.1986,201.82,11,BRL
2026-05-08,2026-05-08,120213935476223121,MT_VIDEO_ESTOQUE_001,OUTCOME_AWARENESS,14577,373,27.75,2.5588,404.48,11,BRL
2026-05-09,2026-05-09,120274831420778493,MT_LEADS_PEQ_VAREJO_001,OUTCOME_LEADS,40902,962,15.71,2.3520,642.55,30,BRL
2026-05-09,2026-05-09,120299701614704712,MT_LEADS_REDES_LOJAS_002,OUTCOME_LEADS,28395,614,23.40,2.1624,664.33,19,BRL
2026-05-09,2026-05-09,120299759557666597,MT_TRAFEGO_LP_001,OUTCOME_TRAFFIC,20122,437,23.41,2.1718,470.97,13,BRL
2026-05-09,2026-05-09,120229181304803814,MT_RMKT_SITE_001,OUTCOME_SALES,7225,166,25.15,2.2976,181.72,11,BRL
2026-05-09,2026-05-09,120213935476223121,MT_VIDEO_ESTOQUE_001,OUTCOME_AWARENESS,29853,593,12.81,1.9864,382.36,10,BRL
2026-05-10,2026-05-10,120274831420778493,MT_LEADS_PEQ_VAREJO_001,OUTCOME_LEADS,32976,772,18.67,2.3411,615.59,25,BRL
2026-05-10,2026-05-10,120299701614704712,MT_LEADS_REDES_LOJAS_002,OUTCOME_LEADS,11391,244,31.25,2.1420,355.95,20,BRL
2026-05-10,2026-05-10,120299759557666597,MT_TRAFEGO_LP_001,OUTCOME_TRAFFIC,16790,363,25.49,2.1620,428.06,13,BRL
2026-05-10,2026-05-10,120229181304803814,MT_RMKT_SITE_001,OUTCOME_SALES,5851,212,40.73,3.6233,238.30,12,BRL
2026-05-10,2026-05-10,120213935476223121,MT_VIDEO_ESTOQUE_001,OUTCOME_AWARENESS,47129,893,16.13,1.8948,760.25,14,BRL
2026-05-11,2026-05-11,120274831420778493,MT_LEADS_PEQ_VAREJO_001,OUTCOME_LEADS,24759,644,30.32,2.6011,750.81,27,BRL
2026-05-11,2026-05-11,120299701614704712,MT_LEADS_REDES_LOJAS_002,OUTCOME_LEADS,5728,138,29.97,2.4092,171.67,11,BRL
2026-05-11,2026-05-11,120299759557666597,MT_TRAFEGO_LP_001,OUTCOME_TRAFFIC,28514,549,20.72,1.9254,590.78,16,BRL
2026-05-11,2026-05-11,120229181304803814,MT_RMKT_SITE_001,OUTCOME_SALES,7148,184,35.32,2.5741,252.49,11,BRL
2026-05-11,2026-05-11,120213935476223121,MT_VIDEO_ESTOQUE_001,OUTCOME_AWARENESS,29561,633,19.01,2.1413,561.98,12,BRL
2026-05-12,2026-05-12,120274831420778493,MT_LEADS_PEQ_VAREJO_001,OUTCOME_LEADS,23774,717,28.69,3.0159,682.06,22,BRL
2026-05-12,2026-05-12,120299701614704712,MT_LEADS_REDES_LOJAS_002,OUTCOME_LEADS,5795,136,39.94,2.3469,231.46,12,BRL
2026-05-12,2026-05-12,120299759557666597,MT_TRAFEGO_LP_001,OUTCOME_TRAFFIC,37889,736,19.27,1.9425,730.05,19,BRL
2026-05-12,2026-05-12,120229181304803814,MT_RMKT_SITE_001,OUTCOME_SALES,5684,197,46.87,3.4659,266.42,14,BRL
2026-05-12,2026-05-12,120213935476223121,MT_VIDEO_ESTOQUE_001,OUTCOME_AWARENESS,32588,770,20.06,2.3628,653.79,13,BRL
2026-05-13,2026-05-13,120274831420778493,MT_LEADS_PEQ_VAREJO_001,OUTCOME_LEADS,34973,793,20.27,2.2675,708.95,29,BRL
2026-05-13,2026-05-13,120299701614704712,MT_LEADS_REDES_LOJAS_002,OUTCOME_LEADS,10140,219,37.86,2.1598,383.88,11,BRL
2026-05-13,2026-05-13,120299759557666597,MT_TRAFEGO_LP_001,OUTCOME_TRAFFIC,17930,584,28.71,3.2571,514.83,22,BRL
2026-05-13,2026-05-13,120229181304803814,MT_RMKT_SITE_001,OUTCOME_SALES,3807,125,43.12,3.2834,164.15,7,BRL
2026-05-13,2026-05-13,120213935476223121,MT_VIDEO_ESTOQUE_001,OUTCOME_AWARENESS,16719,327,23.58,1.9559,394.19,8,BRL
2026-05-14,2026-05-14,120274831420778493,MT_LEADS_PEQ_VAREJO_001,OUTCOME_LEADS,37262,617,18.02,1.6558,671.60,27,BRL
2026-05-14,2026-05-14,120299701614704712,MT_LEADS_REDES_LOJAS_002,OUTCOME_LEADS,6617,171,34.20,2.5843,226.29,11,BRL
2026-05-14,2026-05-14,120299759557666597,MT_TRAFEGO_LP_001,OUTCOME_TRAFFIC,14283,296,28.05,2.0724,400.68,18,BRL
2026-05-14,2026-05-14,120229181304803814,MT_RMKT_SITE_001,OUTCOME_SALES,5504,198,32.51,3.5974,178.94,10,BRL
2026-05-14,2026-05-14,120213935476223121,MT_VIDEO_ESTOQUE_001,OUTCOME_AWARENESS,18696,400,22.15,2.1395,414.19,9,BRL
2026-05-15,2026-05-15,120274831420778493,MT_LEADS_PEQ_VAREJO_001,OUTCOME_LEADS,22004,537,36.05,2.4405,793.30,27,BRL
2026-05-15,2026-05-15,120299701614704712,MT_LEADS_REDES_LOJAS_002,OUTCOME_LEADS,7885,149,28.04,1.8897,221.10,12,BRL
2026-05-15,2026-05-15,120299759557666597,MT_TRAFEGO_LP_001,OUTCOME_TRAFFIC,24391,564,26.02,2.3123,634.75,14,BRL
2026-05-15,2026-05-15,120229181304803814,MT_RMKT_SITE_001,OUTCOME_SALES,5946,168,44.90,2.8254,266.96,10,BRL
2026-05-15,2026-05-15,120213935476223121,MT_VIDEO_ESTOQUE_001,OUTCOME_AWARENESS,12311,251,23.62,2.0388,290.73,12,BRL
2026-05-16,2026-05-16,120274831420778493,MT_LEADS_PEQ_VAREJO_001,OUTCOME_LEADS,18565,489,36.51,2.6340,677.90,28,BRL
2026-05-16,2026-05-16,120299701614704712,MT_LEADS_REDES_LOJAS_002,OUTCOME_LEADS,14696,320,31.40,2.1775,461.48,13,BRL
2026-05-16,2026-05-16,120299759557666597,MT_TRAFEGO_LP_001,OUTCOME_TRAFFIC,38376,744,16.92,1.9387,649.41,14,BRL
2026-05-16,2026-05-16,120229181304803814,MT_RMKT_SITE_001,OUTCOME_SALES,7681,171,28.99,2.2263,222.70,8,BRL
2026-05-16,2026-05-16,120213935476223121,MT_VIDEO_ESTOQUE_001,OUTCOME_AWARENESS,23799,463,18.43,1.9455,438.53,10,BRL
2026-05-17,2026-05-17,120274831420778493,MT_LEADS_PEQ_VAREJO_001,OUTCOME_LEADS,24528,548,22.31,2.2342,547.11,23,BRL
2026-05-17,2026-05-17,120299701614704712,MT_LEADS_REDES_LOJAS_002,OUTCOME_LEADS,12976,269,22.16,2.0731,287.59,14,BRL
2026-05-17,2026-05-17,120299759557666597,MT_TRAFEGO_LP_001,OUTCOME_TRAFFIC,23810,518,27.77,2.1756,661.28,21,BRL
2026-05-17,2026-05-17,120229181304803814,MT_RMKT_SITE_001,OUTCOME_SALES,9668,235,41.18,2.4307,398.11,16,BRL
2026-05-17,2026-05-17,120213935476223121,MT_VIDEO_ESTOQUE_001,OUTCOME_AWARENESS,34645,749,17.30,2.1619,599.26,12,BRL
2026-05-18,2026-05-18,120274831420778493,MT_LEADS_PEQ_VAREJO_001,OUTCOME_LEADS,16131,375,30.34,2.3247,489.49,18,BRL
2026-05-18,2026-05-18,120299701614704712,MT_LEADS_REDES_LOJAS_002,OUTCOME_LEADS,42317,853,23.08,2.0157,976.56,20,BRL
2026-05-18,2026-05-18,120299759557666597,MT_TRAFEGO_LP_001,OUTCOME_TRAFFIC,23914,464,20.99,1.9403,502.03,18,BRL
2026-05-18,2026-05-18,120229181304803814,MT_RMKT_SITE_001,OUTCOME_SALES,8031,233,31.57,2.9013,253.53,12,BRL
2026-05-18,2026-05-18,120213935476223121,MT_VIDEO_ESTOQUE_001,OUTCOME_AWARENESS,11521,208,17.76,1.8054,204.65,4,BRL
2026-05-19,2026-05-19,120274831420778493,MT_LEADS_PEQ_VAREJO_001,OUTCOME_LEADS,23458,546,25.81,2.3276,605.48,27,BRL
2026-05-19,2026-05-19,120299701614704712,MT_LEADS_REDES_LOJAS_002,OUTCOME_LEADS,10738,217,36.04,2.0209,387.01,8,BRL
2026-05-19,2026-05-19,120299759557666597,MT_TRAFEGO_LP_001,OUTCOME_TRAFFIC,35210,964,26.93,2.7379,948.20,18,BRL
2026-05-19,2026-05-19,120229181304803814,MT_RMKT_SITE_001,OUTCOME_SALES,9052,285,29.90,3.1485,270.63,10,BRL
2026-05-19,2026-05-19,120213935476223121,MT_VIDEO_ESTOQUE_001,OUTCOME_AWARENESS,7848,148,21.88,1.8858,171.74,7,BRL
2026-05-20,2026-05-20,120274831420778493,MT_LEADS_PEQ_VAREJO_001,OUTCOME_LEADS,21137,468,24.12,2.2141,509.78,26,BRL
2026-05-20,2026-05-20,120299701614704712,MT_LEADS_REDES_LOJAS_002,OUTCOME_LEADS,27956,589,25.82,2.1069,721.69,17,BRL
2026-05-20,2026-05-20,120299759557666597,MT_TRAFEGO_LP_001,OUTCOME_TRAFFIC,39053,975,20.15,2.4966,787.07,15,BRL
2026-05-20,2026-05-20,120229181304803814,MT_RMKT_SITE_001,OUTCOME_SALES,7153,216,48.76,3.0197,348.75,18,BRL
2026-05-20,2026-05-20,120213935476223121,MT_VIDEO_ESTOQUE_001,OUTCOME_AWARENESS,15915,324,14.94,2.0358,237.79,6,BRL
2026-05-21,2026-05-21,120274831420778493,MT_LEADS_PEQ_VAREJO_001,OUTCOME_LEADS,22123,635,25.85,2.8703,571.96,23,BRL
2026-05-21,2026-05-21,120299701614704712,MT_LEADS_REDES_LOJAS_002,OUTCOME_LEADS,19100,439,23.86,2.2984,455.74,16,BRL
2026-05-21,2026-05-21,120299759557666597,MT_TRAFEGO_LP_001,OUTCOME_TRAFFIC,29275,616,17.86,2.1042,522.82,19,BRL
2026-05-21,2026-05-21,120229181304803814,MT_RMKT_SITE_001,OUTCOME_SALES,6735,181,26.88,2.6875,181.07,9,BRL
2026-05-21,2026-05-21,120213935476223121,MT_VIDEO_ESTOQUE_001,OUTCOME_AWARENESS,28862,599,14.20,2.0754,409.72,14,BRL
2026-05-22,2026-05-22,120274831420778493,MT_LEADS_PEQ_VAREJO_001,OUTCOME_LEADS,36535,733,19.39,2.0063,708.42,29,BRL
2026-05-22,2026-05-22,120299701614704712,MT_LEADS_REDES_LOJAS_002,OUTCOME_LEADS,11266,221,24.32,1.9617,273.98,12,BRL
2026-05-22,2026-05-22,120299759557666597,MT_TRAFEGO_LP_001,OUTCOME_TRAFFIC,15025,366,24.37,2.4359,366.20,9,BRL
2026-05-22,2026-05-22,120229181304803814,MT_RMKT_SITE_001,OUTCOME_SALES,15351,438,28.52,2.8532,437.75,17,BRL
2026-05-22,2026-05-22,120213935476223121,MT_VIDEO_ESTOQUE_001,OUTCOME_AWARENESS,15791,338,17.30,2.1405,273.20,7,BRL
2026-05-23,2026-05-23,120274831420778493,MT_LEADS_PEQ_VAREJO_001,OUTCOME_LEADS,41260,924,18.11,2.2395,747.42,31,BRL
2026-05-23,2026-05-23,120299701614704712,MT_LEADS_REDES_LOJAS_002,OUTCOME_LEADS,16344,368,31.96,2.2516,522.34,16,BRL
2026-05-23,2026-05-23,120299759557666597,MT_TRAFEGO_LP_001,OUTCOME_TRAFFIC,18807,449,23.90,2.3874,449.51,16,BRL
2026-05-23,2026-05-23,120229181304803814,MT_RMKT_SITE_001,OUTCOME_SALES,6845,183,38.41,2.6735,262.93,12,BRL
2026-05-23,2026-05-23,120213935476223121,MT_VIDEO_ESTOQUE_001,OUTCOME_AWARENESS,14665,327,16.93,2.2298,248.35,10,BRL
2026-05-24,2026-05-24,120274831420778493,MT_LEADS_PEQ_VAREJO_001,OUTCOME_LEADS,32882,685,18.91,2.0832,621.93,27,BRL
2026-05-24,2026-05-24,120299701614704712,MT_LEADS_REDES_LOJAS_002,OUTCOME_LEADS,5786,145,36.81,2.5060,212.96,10,BRL
2026-05-24,2026-05-24,120299759557666597,MT_TRAFEGO_LP_001,OUTCOME_TRAFFIC,37939,839,21.56,2.2114,817.86,15,BRL
2026-05-24,2026-05-24,120229181304803814,MT_RMKT_SITE_001,OUTCOME_SALES,9176,268,25.07,2.9207,230.02,9,BRL
2026-05-24,2026-05-24,120213935476223121,MT_VIDEO_ESTOQUE_001,OUTCOME_AWARENESS,15541,329,16.83,2.1170,261.49,9,BRL
2026-05-25,2026-05-25,120274831420778493,MT_LEADS_PEQ_VAREJO_001,OUTCOME_LEADS,14716,394,29.47,2.6774,433.68,20,BRL
2026-05-25,2026-05-25,120299701614704712,MT_LEADS_REDES_LOJAS_002,OUTCOME_LEADS,12244,255,26.16,2.0827,320.28,14,BRL
2026-05-25,2026-05-25,120299759557666597,MT_TRAFEGO_LP_001,OUTCOME_TRAFFIC,16019,375,22.01,2.3410,352.56,8,BRL
2026-05-25,2026-05-25,120229181304803814,MT_RMKT_SITE_001,OUTCOME_SALES,5867,151,32.75,2.5737,192.16,12,BRL
2026-05-25,2026-05-25,120213935476223121,MT_VIDEO_ESTOQUE_001,OUTCOME_AWARENESS,15019,280,17.05,1.8643,256.11,6,BRL
2026-05-26,2026-05-26,120274831420778493,MT_LEADS_PEQ_VAREJO_001,OUTCOME_LEADS,31965,620,21.95,1.9396,701.69,21,BRL
2026-05-26,2026-05-26,120299701614704712,MT_LEADS_REDES_LOJAS_002,OUTCOME_LEADS,22788,526,30.67,2.3082,699.00,16,BRL
2026-05-26,2026-05-26,120299759557666597,MT_TRAFEGO_LP_001,OUTCOME_TRAFFIC,20447,482,26.54,2.3573,542.65,17,BRL
2026-05-26,2026-05-26,120229181304803814,MT_RMKT_SITE_001,OUTCOME_SALES,9767,282,31.98,2.8873,312.31,16,BRL
2026-05-26,2026-05-26,120213935476223121,MT_VIDEO_ESTOQUE_001,OUTCOME_AWARENESS,11174,282,26.44,2.5237,295.39,8,BRL
2026-05-27,2026-05-27,120274831420778493,MT_LEADS_PEQ_VAREJO_001,OUTCOME_LEADS,20575,580,31.19,2.8190,641.67,21,BRL
2026-05-27,2026-05-27,120299701614704712,MT_LEADS_REDES_LOJAS_002,OUTCOME_LEADS,9113,210,31.54,2.3044,287.42,9,BRL
2026-05-27,2026-05-27,120299759557666597,MT_TRAFEGO_LP_001,OUTCOME_TRAFFIC,8228,183,28.36,2.2241,233.38,10,BRL
2026-05-27,2026-05-27,120229181304803814,MT_RMKT_SITE_001,OUTCOME_SALES,4547,142,48.04,3.1229,218.43,13,BRL
2026-05-27,2026-05-27,120213935476223121,MT_VIDEO_ESTOQUE_001,OUTCOME_AWARENESS,14356,246,17.01,1.7136,244.16,6,BRL
2026-05-28,2026-05-28,120274831420778493,MT_LEADS_PEQ_VAREJO_001,OUTCOME_LEADS,24848,815,30.11,3.2799,748.11,29,BRL
2026-05-28,2026-05-28,120299701614704712,MT_LEADS_REDES_LOJAS_002,OUTCOME_LEADS,11951,317,31.89,2.6525,381.11,11,BRL
2026-05-28,2026-05-28,120299759557666597,MT_TRAFEGO_LP_001,OUTCOME_TRAFFIC,28698,611,22.61,2.1291,648.91,18,BRL
2026-05-28,2026-05-28,120229181304803814,MT_RMKT_SITE_001,OUTCOME_SALES,1755,77,61.79,4.3875,108.44,6,BRL
2026-05-28,2026-05-28,120213935476223121,MT_VIDEO_ESTOQUE_001,OUTCOME_AWARENESS,17745,378,16.30,2.1302,289.24,7,BRL
2026-05-29,2026-05-29,120274831420778493,MT_LEADS_PEQ_VAREJO_001,OUTCOME_LEADS,12256,257,22.44,2.0969,275.01,17,BRL
2026-05-29,2026-05-29,120299701614704712,MT_LEADS_REDES_LOJAS_002,OUTCOME_LEADS,19128,394,26.20,2.0598,501.17,15,BRL
2026-05-29,2026-05-29,120299759557666597,MT_TRAFEGO_LP_001,OUTCOME_TRAFFIC,9981,261,34.23,2.6150,341.68,8,BRL
2026-05-29,2026-05-29,120229181304803814,MT_RMKT_SITE_001,OUTCOME_SALES,10459,306,42.79,2.9257,447.54,21,BRL
2026-05-29,2026-05-29,120213935476223121,MT_VIDEO_ESTOQUE_001,OUTCOME_AWARENESS,14112,311,16.66,2.2038,235.16,6,BRL
2026-05-30,2026-05-30,120274831420778493,MT_LEADS_PEQ_VAREJO_001,OUTCOME_LEADS,40963,847,18.18,2.0677,744.56,27,BRL
2026-05-30,2026-05-30,120299701614704712,MT_LEADS_REDES_LOJAS_002,OUTCOME_LEADS,9499,192,26.94,2.0213,255.92,11,BRL
2026-05-30,2026-05-30,120299759557666597,MT_TRAFEGO_LP_001,OUTCOME_TRAFFIC,32172,634,24.06,1.9707,774.08,18,BRL
2026-05-30,2026-05-30,120229181304803814,MT_RMKT_SITE_001,OUTCOME_SALES,9831,331,34.06,3.3669,334.82,13,BRL
2026-05-30,2026-05-30,120213935476223121,MT_VIDEO_ESTOQUE_001,OUTCOME_AWARENESS,16612,331,24.88,1.9925,413.33,10,BRL
2026-05-31,2026-05-31,120274831420778493,MT_LEADS_PEQ_VAREJO_001,OUTCOME_LEADS,15062,413,30.16,2.7420,454.33,26,BRL
2026-05-31,2026-05-31,120299701614704712,MT_LEADS_REDES_LOJAS_002,OUTCOME_LEADS,12701,272,23.49,2.1416,298.32,12,BRL
2026-05-31,2026-05-31,120299759557666597,MT_TRAFEGO_LP_001,OUTCOME_TRAFFIC,16887,340,21.71,2.0134,366.65,10,BRL
2026-05-31,2026-05-31,120229181304803814,MT_RMKT_SITE_001,OUTCOME_SALES,18941,513,25.18,2.7084,476.96,16,BRL
2026-05-31,2026-05-31,120213935476223121,MT_VIDEO_ESTOQUE_001,OUTCOME_AWARENESS,24116,374,15.02,1.5508,362.21,13,BRL
2026-06-01,2026-06-01,120274831420778493,MT_LEADS_PEQ_VAREJO_001,OUTCOME_LEADS,21782,741,41.24,3.4019,898.32,34,BRL
2026-06-01,2026-06-01,120299701614704712,MT_LEADS_REDES_LOJAS_002,OUTCOME_LEADS,14933,288,27.51,1.9286,410.78,18,BRL
2026-06-01,2026-06-01,120299759557666597,MT_TRAFEGO_LP_001,OUTCOME_TRAFFIC,18584,494,32.19,2.6582,598.17,19,BRL
2026-06-01,2026-06-01,120229181304803814,MT_RMKT_SITE_001,OUTCOME_SALES,10090,229,29.38,2.2696,296.40,12,BRL
2026-06-01,2026-06-01,120213935476223121,MT_VIDEO_ESTOQUE_001,OUTCOME_AWARENESS,20500,456,22.44,2.2244,460.09,13,BRL
2026-06-02,2026-06-02,120274831420778493,MT_LEADS_PEQ_VAREJO_001,OUTCOME_LEADS,12812,318,32.12,2.4820,411.57,17,BRL
2026-06-02,2026-06-02,120299701614704712,MT_LEADS_REDES_LOJAS_002,OUTCOME_LEADS,11494,202,21.53,1.7574,247.43,11,BRL
2026-06-02,2026-06-02,120299759557666597,MT_TRAFEGO_LP_001,OUTCOME_TRAFFIC,17987,393,23.31,2.1849,419.34,13,BRL
2026-06-02,2026-06-02,120229181304803814,MT_RMKT_SITE_001,OUTCOME_SALES,5310,157,37.40,2.9567,198.58,9,BRL
2026-06-02,2026-06-02,120213935476223121,MT_VIDEO_ESTOQUE_001,OUTCOME_AWARENESS,16355,242,15.51,1.4797,253.61,7,BRL
2026-06-03,2026-06-03,120274831420778493,MT_LEADS_PEQ_VAREJO_001,OUTCOME_LEADS,26940,566,21.60,2.1010,581.91,25,BRL
2026-06-03,2026-06-03,120299701614704712,MT_LEADS_REDES_LOJAS_002,OUTCOME_LEADS,10244,200,30.08,1.9524,308.18,13,BRL
2026-06-03,2026-06-03,120299759557666597,MT_TRAFEGO_LP_001,OUTCOME_TRAFFIC,20267,495,27.90,2.4424,565.55,19,BRL
2026-06-03,2026-06-03,120229181304803814,MT_RMKT_SITE_001,OUTCOME_SALES,19255,402,28.24,2.0878,543.80,19,BRL
2026-06-03,2026-06-03,120213935476223121,MT_VIDEO_ESTOQUE_001,OUTCOME_AWARENESS,24560,500,12.61,2.0358,309.80,8,BRL
2026-06-04,2026-06-04,120274831420778493,MT_LEADS_PEQ_VAREJO_001,OUTCOME_LEADS,23454,559,24.88,2.3834,583.47,21,BRL
2026-06-04,2026-06-04,120299701614704712,MT_LEADS_REDES_LOJAS_002,OUTCOME_LEADS,12023,260,25.51,2.1625,306.66,13,BRL
2026-06-04,2026-06-04,120299759557666597,MT_TRAFEGO_LP_001,OUTCOME_TRAFFIC,15198,341,21.50,2.2437,326.82,11,BRL
2026-06-04,2026-06-04,120229181304803814,MT_RMKT_SITE_001,OUTCOME_SALES,3362,102,39.57,3.0339,133.05,8,BRL
2026-06-04,2026-06-04,120213935476223121,MT_VIDEO_ESTOQUE_001,OUTCOME_AWARENESS,31082,463,17.09,1.4896,531.18,14,BRL
2026-06-05,2026-06-05,120274831420778493,MT_LEADS_PEQ_VAREJO_001,OUTCOME_LEADS,21323,397,16.91,1.8618,360.62,26,BRL
2026-06-05,2026-06-05,120299701614704712,MT_LEADS_REDES_LOJAS_002,OUTCOME_LEADS,14125,420,39.82,2.9735,562.41,16,BRL
2026-06-05,2026-06-05,120299759557666597,MT_TRAFEGO_LP_001,OUTCOME_TRAFFIC,17805,384,22.29,2.1567,396.90,14,BRL
2026-06-05,2026-06-05,120229181304803814,MT_RMKT_SITE_001,OUTCOME_SALES,6620,173,30.43,2.6133,201.46,12,BRL
2026-06-05,2026-06-05,120213935476223121,MT_VIDEO_ESTOQUE_001,OUTCOME_AWARENESS,9316,186,19.18,1.9966,178.72,7,BRL
2026-06-06,2026-06-06,120274831420778493,MT_LEADS_PEQ_VAREJO_001,OUTCOME_LEADS,25959,545,19.00,2.0995,493.10,29,BRL
2026-06-06,2026-06-06,120299701614704712,MT_LEADS_REDES_LOJAS_002,OUTCOME_LEADS,17264,290,29.42,1.6798,507.93,21,BRL
2026-06-06,2026-06-06,120299759557666597,MT_TRAFEGO_LP_001,OUTCOME_TRAFFIC,15273,543,32.17,3.5553,491.36,18,BRL
2026-06-06,2026-06-06,120229181304803814,MT_RMKT_SITE_001,OUTCOME_SALES,6768,177,35.85,2.6152,242.64,12,BRL
2026-06-06,2026-06-06,120213935476223121,MT_VIDEO_ESTOQUE_001,OUTCOME_AWARENESS,5268,122,20.92,2.3159,110.20,3,BRL
2026-06-07,2026-06-07,120274831420778493,MT_LEADS_PEQ_VAREJO_001,OUTCOME_LEADS,11026,366,38.51,3.3194,424.64,20,BRL
2026-06-07,2026-06-07,120299701614704712,MT_LEADS_REDES_LOJAS_002,OUTCOME_LEADS,16445,286,22.73,1.7391,373.82,11,BRL
2026-06-07,2026-06-07,120299759557666597,MT_TRAFEGO_LP_001,OUTCOME_TRAFFIC,27919,745,28.86,2.6684,805.79,17,BRL
2026-06-07,2026-06-07,120229181304803814,MT_RMKT_SITE_001,OUTCOME_SALES,13647,342,28.43,2.5060,388.00,15,BRL
2026-06-07,2026-06-07,120213935476223121,MT_VIDEO_ESTOQUE_001,OUTCOME_AWARENESS,15121,288,13.50,1.9046,204.06,6,BRL
2026-06-08,2026-06-08,120274831420778493,MT_LEADS_PEQ_VAREJO_001,OUTCOME_LEADS,26162,635,25.29,2.4272,661.58,28,BRL
2026-06-08,2026-06-08,120299701614704712,MT_LEADS_REDES_LOJAS_002,OUTCOME_LEADS,10405,235,23.14,2.2585,240.76,14,BRL
2026-06-08,2026-06-08,120299759557666597,MT_TRAFEGO_LP_001,OUTCOME_TRAFFIC,22203,538,21.77,2.4231,483.37,21,BRL
2026-06-08,2026-06-08,120229181304803814,MT_RMKT_SITE_001,OUTCOME_SALES,15367,456,29.54,2.9674,453.96,21,BRL
2026-06-08,2026-06-08,120213935476223121,MT_VIDEO_ESTOQUE_001,OUTCOME_AWARENESS,20899,398,15.47,1.9044,323.32,5,BRL
2026-06-09,2026-06-09,120274831420778493,MT_LEADS_PEQ_VAREJO_001,OUTCOME_LEADS,14011,320,22.42,2.2839,314.08,12,BRL
2026-06-09,2026-06-09,120299701614704712,MT_LEADS_REDES_LOJAS_002,OUTCOME_LEADS,10581,218,28.96,2.0603,306.43,13,BRL
2026-06-09,2026-06-09,120299759557666597,MT_TRAFEGO_LP_001,OUTCOME_TRAFFIC,7192,166,23.92,2.3081,172.02,8,BRL
2026-06-09,2026-06-09,120229181304803814,MT_RMKT_SITE_001,OUTCOME_SALES,5289,135,35.15,2.5525,185.93,12,BRL
2026-06-09,2026-06-09,120213935476223121,MT_VIDEO_ESTOQUE_001,OUTCOME_AWARENESS,20816,465,15.71,2.2339,327.11,9,BRL
2026-06-10,2026-06-10,120274831420778493,MT_LEADS_PEQ_VAREJO_001,OUTCOME_LEADS,25589,705,29.23,2.7551,748.07,32,BRL
2026-06-10,2026-06-10,120299701614704712,MT_LEADS_REDES_LOJAS_002,OUTCOME_LEADS,15014,299,23.12,1.9915,347.07,12,BRL
2026-06-10,2026-06-10,120299759557666597,MT_TRAFEGO_LP_001,OUTCOME_TRAFFIC,16675,496,35.11,2.9745,585.54,14,BRL
2026-06-10,2026-06-10,120229181304803814,MT_RMKT_SITE_001,OUTCOME_SALES,6986,189,34.40,2.7054,240.30,18,BRL
2026-06-10,2026-06-10,120213935476223121,MT_VIDEO_ESTOQUE_001,OUTCOME_AWARENESS,17195,400,20.41,2.3263,350.93,9,BRL
2026-06-11,2026-06-11,120274831420778493,MT_LEADS_PEQ_VAREJO_001,OUTCOME_LEADS,27152,695,22.15,2.5597,601.37,30,BRL
2026-06-11,2026-06-11,120299701614704712,MT_LEADS_REDES_LOJAS_002,OUTCOME_LEADS,11896,290,32.86,2.4378,390.96,11,BRL
2026-06-11,2026-06-11,120299759557666597,MT_TRAFEGO_LP_001,OUTCOME_TRAFFIC,27192,546,13.71,2.0079,372.70,12,BRL
2026-06-11,2026-06-11,120229181304803814,MT_RMKT_SITE_001,OUTCOME_SALES,6642,168,40.85,2.5294,271.30,16,BRL
2026-06-11,2026-06-11,120213935476223121,MT_VIDEO_ESTOQUE_001,OUTCOME_AWARENESS,34864,585,12.81,1.6779,446.63,12,BRL
2026-06-12,2026-06-12,120274831420778493,MT_LEADS_PEQ_VAREJO_001,OUTCOME_LEADS,21701,547,27.54,2.5206,597.72,29,BRL
2026-06-12,2026-06-12,120299701614704712,MT_LEADS_REDES_LOJAS_002,OUTCOME_LEADS,13762,329,27.84,2.3906,383.19,13,BRL
2026-06-12,2026-06-12,120299759557666597,MT_TRAFEGO_LP_001,OUTCOME_TRAFFIC,13775,482,37.64,3.4991,518.51,13,BRL
2026-06-12,2026-06-12,120229181304803814,MT_RMKT_SITE_001,OUTCOME_SALES,5908,178,39.40,3.0129,232.79,10,BRL
2026-06-12,2026-06-12,120213935476223121,MT_VIDEO_ESTOQUE_001,OUTCOME_AWARENESS,19181,442,16.30,2.3044,312.66,8,BRL
2026-06-13,2026-06-13,120274831420778493,MT_LEADS_PEQ_VAREJO_001,OUTCOME_LEADS,23515,648,26.29,2.7557,618.18,20,BRL
2026-06-13,2026-06-13,120299701614704712,MT_LEADS_REDES_LOJAS_002,OUTCOME_LEADS,14535,294,28.66,2.0227,416.59,11,BRL
2026-06-13,2026-06-13,120299759557666597,MT_TRAFEGO_LP_001,OUTCOME_TRAFFIC,24264,622,23.78,2.5635,576.92,18,BRL
2026-06-13,2026-06-13,120229181304803814,MT_RMKT_SITE_001,OUTCOME_SALES,7684,240,45.97,3.1234,353.26,15,BRL
2026-06-13,2026-06-13,120213935476223121,MT_VIDEO_ESTOQUE_001,OUTCOME_AWARENESS,28442,558,13.51,1.9619,384.28,11,BRL
2026-06-14,2026-06-14,120274831420778493,MT_LEADS_PEQ_VAREJO_001,OUTCOME_LEADS,23910,487,23.69,2.0368,566.36,27,BRL
2026-06-14,2026-06-14,120299701614704712,MT_LEADS_REDES_LOJAS_002,OUTCOME_LEADS,4139,87,23.26,2.1020,96.29,5,BRL
2026-06-14,2026-06-14,120299759557666597,MT_TRAFEGO_LP_001,OUTCOME_TRAFFIC,34764,615,18.16,1.7691,631.18,12,BRL
2026-06-14,2026-06-14,120229181304803814,MT_RMKT_SITE_001,OUTCOME_SALES,8044,238,26.66,2.9587,214.46,11,BRL
2026-06-14,2026-06-14,120213935476223121,MT_VIDEO_ESTOQUE_001,OUTCOME_AWARENESS,29916,555,16.69,1.8552,499.31,11,BRL
2026-06-15,2026-06-15,120274831420778493,MT_LEADS_PEQ_VAREJO_001,OUTCOME_LEADS,50749,1364,21.23,2.6877,1077.47,32,BRL
2026-06-15,2026-06-15,120299701614704712,MT_LEADS_REDES_LOJAS_002,OUTCOME_LEADS,15730,330,24.16,2.0979,379.97,13,BRL
2026-06-15,2026-06-15,120299759557666597,MT_TRAFEGO_LP_001,OUTCOME_TRAFFIC,46870,1005,23.10,2.1442,1082.58,20,BRL
2026-06-15,2026-06-15,120229181304803814,MT_RMKT_SITE_001,OUTCOME_SALES,7661,190,30.82,2.4801,236.14,14,BRL
2026-06-15,2026-06-15,120213935476223121,MT_VIDEO_ESTOQUE_001,OUTCOME_AWARENESS,15069,218,13.46,1.4467,202.90,7,BRL
2026-06-16,2026-06-16,120274831420778493,MT_LEADS_PEQ_VAREJO_001,OUTCOME_LEADS,40558,959,19.46,2.3645,789.42,20,BRL
2026-06-16,2026-06-16,120299701614704712,MT_LEADS_REDES_LOJAS_002,OUTCOME_LEADS,8634,194,26.33,2.2469,227.30,9,BRL
2026-06-16,2026-06-16,120299759557666597,MT_TRAFEGO_LP_001,OUTCOME_TRAFFIC,25123,525,22.46,2.0897,564.37,16,BRL
2026-06-16,2026-06-16,120229181304803814,MT_RMKT_SITE_001,OUTCOME_SALES,5816,166,37.60,2.8542,218.69,9,BRL
2026-06-16,2026-06-16,120213935476223121,MT_VIDEO_ESTOQUE_001,OUTCOME_AWARENESS,29572,578,13.88,1.9546,410.50,12,BRL
2026-06-17,2026-06-17,120274831420778493,MT_LEADS_PEQ_VAREJO_001,OUTCOME_LEADS,26649,598,23.62,2.2440,629.56,22,BRL
2026-06-17,2026-06-17,120299701614704712,MT_LEADS_REDES_LOJAS_002,OUTCOME_LEADS,15482,418,30.04,2.6999,465.07,12,BRL
2026-06-17,2026-06-17,120299759557666597,MT_TRAFEGO_LP_001,OUTCOME_TRAFFIC,25435,695,26.69,2.7325,678.87,19,BRL
2026-06-17,2026-06-17,120229181304803814,MT_RMKT_SITE_001,OUTCOME_SALES,8995,236,26.65,2.6237,239.74,17,BRL
2026-06-17,2026-06-17,120213935476223121,MT_VIDEO_ESTOQUE_001,OUTCOME_AWARENESS,12516,221,16.37,1.7657,204.85,9,BRL
2026-06-18,2026-06-18,120274831420778493,MT_LEADS_PEQ_VAREJO_001,OUTCOME_LEADS,31700,634,21.67,2.0000,686.80,25,BRL
2026-06-18,2026-06-18,120299701614704712,MT_LEADS_REDES_LOJAS_002,OUTCOME_LEADS,15273,342,26.19,2.2392,399.94,13,BRL
2026-06-18,2026-06-18,120299759557666597,MT_TRAFEGO_LP_001,OUTCOME_TRAFFIC,19975,430,26.97,2.1527,538.75,16,BRL
2026-06-18,2026-06-18,120229181304803814,MT_RMKT_SITE_001,OUTCOME_SALES,11430,299,27.26,2.6159,311.58,16,BRL
2026-06-18,2026-06-18,120213935476223121,MT_VIDEO_ESTOQUE_001,OUTCOME_AWARENESS,23269,351,11.71,1.5084,272.37,6,BRL
2026-06-19,2026-06-19,120274831420778493,MT_LEADS_PEQ_VAREJO_001,OUTCOME_LEADS,28161,568,18.44,2.0170,519.42,34,BRL
2026-06-19,2026-06-19,120299701614704712,MT_LEADS_REDES_LOJAS_002,OUTCOME_LEADS,10332,244,26.99,2.3616,278.85,12,BRL
2026-06-19,2026-06-19,120299759557666597,MT_TRAFEGO_LP_001,OUTCOME_TRAFFIC,18402,476,24.09,2.5867,443.22,16,BRL
2026-06-19,2026-06-19,120229181304803814,MT_RMKT_SITE_001,OUTCOME_SALES,14360,317,24.94,2.2075,358.19,16,BRL
2026-06-19,2026-06-19,120213935476223121,MT_VIDEO_ESTOQUE_001,OUTCOME_AWARENESS,15436,285,14.85,1.8463,229.26,5,BRL
2026-06-20,2026-06-20,120274831420778493,MT_LEADS_PEQ_VAREJO_001,OUTCOME_LEADS,20819,499,21.14,2.3968,440.21,21,BRL
2026-06-20,2026-06-20,120299701614704712,MT_LEADS_REDES_LOJAS_002,OUTCOME_LEADS,14566,280,19.85,1.9223,289.12,14,BRL
2026-06-20,2026-06-20,120299759557666597,MT_TRAFEGO_LP_001,OUTCOME_TRAFFIC,27378,721,25.96,2.6335,710.79,17,BRL
2026-06-20,2026-06-20,120229181304803814,MT_RMKT_SITE_001,OUTCOME_SALES,8317,191,32.78,2.2965,272.67,11,BRL
2026-06-20,2026-06-20,120213935476223121,MT_VIDEO_ESTOQUE_001,OUTCOME_AWARENESS,37813,565,11.00,1.4942,416.01,11,BRL
2026-06-21,2026-06-21,120274831420778493,MT_LEADS_PEQ_VAREJO_001,OUTCOME_LEADS,7638,183,30.95,2.3959,236.37,14,BRL
2026-06-21,2026-06-21,120299701614704712,MT_LEADS_REDES_LOJAS_002,OUTCOME_LEADS,6182,137,32.09,2.2161,198.35,8,BRL
2026-06-21,2026-06-21,120299759557666597,MT_TRAFEGO_LP_001,OUTCOME_TRAFFIC,20729,468,28.85,2.2577,598.11,17,BRL
2026-06-21,2026-06-21,120229181304803814,MT_RMKT_SITE_001,OUTCOME_SALES,17822,422,28.84,2.3679,513.98,16,BRL
2026-06-21,2026-06-21,120213935476223121,MT_VIDEO_ESTOQUE_001,OUTCOME_AWARENESS,24036,493,15.83,2.0511,380.61,11,BRL
2026-06-22,2026-06-22,120274831420778493,MT_LEADS_PEQ_VAREJO_001,OUTCOME_LEADS,36930,661,18.98,1.7899,700.95,25,BRL
2026-06-22,2026-06-22,120299701614704712,MT_LEADS_REDES_LOJAS_002,OUTCOME_LEADS,8414,190,33.29,2.2581,280.11,12,BRL
2026-06-22,2026-06-22,120299759557666597,MT_TRAFEGO_LP_001,OUTCOME_TRAFFIC,25854,757,26.56,2.9280,686.81,14,BRL
2026-06-22,2026-06-22,120229181304803814,MT_RMKT_SITE_001,OUTCOME_SALES,19252,413,26.13,2.1452,503.02,15,BRL
2026-06-22,2026-06-22,120213935476223121,MT_VIDEO_ESTOQUE_001,OUTCOME_AWARENESS,28863,587,18.84,2.0337,543.90,11,BRL
2026-06-23,2026-06-23,120274831420778493,MT_LEADS_PEQ_VAREJO_001,OUTCOME_LEADS,18303,382,22.11,2.0871,404.65,28,BRL
2026-06-23,2026-06-23,120299701614704712,MT_LEADS_REDES_LOJAS_002,OUTCOME_LEADS,9292,190,29.97,2.0448,278.52,7,BRL
2026-06-23,2026-06-23,120299759557666597,MT_TRAFEGO_LP_001,OUTCOME_TRAFFIC,29131,612,24.75,2.1009,721.01,16,BRL
2026-06-23,2026-06-23,120229181304803814,MT_RMKT_SITE_001,OUTCOME_SALES,5015,166,40.18,3.3101,201.50,9,BRL
2026-06-23,2026-06-23,120213935476223121,MT_VIDEO_ESTOQUE_001,OUTCOME_AWARENESS,27973,563,16.34,2.0127,457.03,12,BRL
2026-06-24,2026-06-24,120274831420778493,MT_LEADS_PEQ_VAREJO_001,OUTCOME_LEADS,17820,430,24.04,2.4130,428.48,18,BRL
2026-06-24,2026-06-24,120299701614704712,MT_LEADS_REDES_LOJAS_002,OUTCOME_LEADS,7316,146,22.56,1.9956,165.07,12,BRL
2026-06-24,2026-06-24,120299759557666597,MT_TRAFEGO_LP_001,OUTCOME_TRAFFIC,29460,648,19.97,2.1996,588.24,17,BRL
2026-06-24,2026-06-24,120229181304803814,MT_RMKT_SITE_001,OUTCOME_SALES,10179,362,52.68,3.5563,536.21,21,BRL
2026-06-24,2026-06-24,120213935476223121,MT_VIDEO_ESTOQUE_001,OUTCOME_AWARENESS,28611,714,16.81,2.4955,480.94,12,BRL
2026-06-25,2026-06-25,120274831420778493,MT_LEADS_PEQ_VAREJO_001,OUTCOME_LEADS,12850,350,24.73,2.7237,317.83,23,BRL
2026-06-25,2026-06-25,120299701614704712,MT_LEADS_REDES_LOJAS_002,OUTCOME_LEADS,6045,157,37.11,2.5972,224.33,11,BRL
2026-06-25,2026-06-25,120299759557666597,MT_TRAFEGO_LP_001,OUTCOME_TRAFFIC,14406,425,36.84,2.9502,530.72,10,BRL
2026-06-25,2026-06-25,120229181304803814,MT_RMKT_SITE_001,OUTCOME_SALES,19919,593,31.28,2.9771,623.02,16,BRL
2026-06-25,2026-06-25,120213935476223121,MT_VIDEO_ESTOQUE_001,OUTCOME_AWARENESS,20112,463,22.25,2.3021,447.58,11,BRL
2026-06-26,2026-06-26,120274831420778493,MT_LEADS_PEQ_VAREJO_001,OUTCOME_LEADS,32987,1023,26.55,3.1012,875.75,25,BRL
2026-06-26,2026-06-26,120299701614704712,MT_LEADS_REDES_LOJAS_002,OUTCOME_LEADS,11102,299,38.40,2.6932,426.28,15,BRL
2026-06-26,2026-06-26,120299759557666597,MT_TRAFEGO_LP_001,OUTCOME_TRAFFIC,14878,363,26.37,2.4398,392.39,15,BRL
2026-06-26,2026-06-26,120229181304803814,MT_RMKT_SITE_001,OUTCOME_SALES,14925,487,44.77,3.2630,668.14,17,BRL
2026-06-26,2026-06-26,120213935476223121,MT_VIDEO_ESTOQUE_001,OUTCOME_AWARENESS,30548,529,18.37,1.7317,561.08,10,BRL
2026-06-27,2026-06-27,120274831420778493,MT_LEADS_PEQ_VAREJO_001,OUTCOME_LEADS,29371,598,18.59,2.0360,546.00,33,BRL
2026-06-27,2026-06-27,120299701614704712,MT_LEADS_REDES_LOJAS_002,OUTCOME_LEADS,8410,246,46.19,2.9251,388.44,15,BRL
2026-06-27,2026-06-27,120299759557666597,MT_TRAFEGO_LP_001,OUTCOME_TRAFFIC,9573,288,50.54,3.0085,483.80,11,BRL
2026-06-27,2026-06-27,120229181304803814,MT_RMKT_SITE_001,OUTCOME_SALES,9514,284,33.72,2.9851,320.77,12,BRL
2026-06-27,2026-06-27,120213935476223121,MT_VIDEO_ESTOQUE_001,OUTCOME_AWARENESS,18330,387,18.34,2.1113,336.20,10,BRL
2026-06-28,2026-06-28,120274831420778493,MT_LEADS_PEQ_VAREJO_001,OUTCOME_LEADS,19816,590,26.17,2.9774,518.65,32,BRL
2026-06-28,2026-06-28,120299701614704712,MT_LEADS_REDES_LOJAS_002,OUTCOME_LEADS,11271,194,24.37,1.7212,274.64,13,BRL
2026-06-28,2026-06-28,120299759557666597,MT_TRAFEGO_LP_001,OUTCOME_TRAFFIC,20729,559,27.20,2.6967,563.84,15,BRL
2026-06-28,2026-06-28,120229181304803814,MT_RMKT_SITE_001,OUTCOME_SALES,6532,192,39.22,2.9394,256.18,14,BRL
2026-06-28,2026-06-28,120213935476223121,MT_VIDEO_ESTOQUE_001,OUTCOME_AWARENESS,11811,241,20.36,2.0405,240.52,9,BRL
2026-06-29,2026-06-29,120274831420778493,MT_LEADS_PEQ_VAREJO_001,OUTCOME_LEADS,50353,842,14.42,1.6722,726.33,26,BRL
2026-06-29,2026-06-29,120299701614704712,MT_LEADS_REDES_LOJAS_002,OUTCOME_LEADS,12284,247,37.01,2.0107,454.69,12,BRL
2026-06-29,2026-06-29,120299759557666597,MT_TRAFEGO_LP_001,OUTCOME_TRAFFIC,30340,674,24.15,2.2215,732.59,19,BRL
2026-06-29,2026-06-29,120229181304803814,MT_RMKT_SITE_001,OUTCOME_SALES,9954,346,38.42,3.4760,382.44,21,BRL
2026-06-29,2026-06-29,120213935476223121,MT_VIDEO_ESTOQUE_001,OUTCOME_AWARENESS,21130,325,12.63,1.5381,266.96,6,BRL
2026-06-30,2026-06-30,120274831420778493,MT_LEADS_PEQ_VAREJO_001,OUTCOME_LEADS,21968,461,17.26,2.0985,379.22,19,BRL
2026-06-30,2026-06-30,120299701614704712,MT_LEADS_REDES_LOJAS_002,OUTCOME_LEADS,13583,293,28.62,2.1571,388.80,10,BRL
2026-06-30,2026-06-30,120299759557666597,MT_TRAFEGO_LP_001,OUTCOME_TRAFFIC,9073,243,35.31,2.6783,320.40,12,BRL
2026-06-30,2026-06-30,120229181304803814,MT_RMKT_SITE_001,OUTCOME_SALES,4912,185,46.54,3.7663,228.60,11,BRL
2026-06-30,2026-06-30,120213935476223121,MT_VIDEO_ESTOQUE_001,OUTCOME_AWARENESS,14300,242,16.97,1.6923,242.67,9,BRL
2026-07-01,2026-07-01,120274831420778493,MT_LEADS_PEQ_VAREJO_001,OUTCOME_LEADS,26570,649,24.42,2.4426,648.86,31,BRL
2026-07-01,2026-07-01,120299701614704712,MT_LEADS_REDES_LOJAS_002,OUTCOME_LEADS,13758,348,28.41,2.5294,390.88,12,BRL
2026-07-01,2026-07-01,120299759557666597,MT_TRAFEGO_LP_001,OUTCOME_TRAFFIC,7384,157,26.09,2.1262,192.68,8,BRL
2026-07-01,2026-07-01,120229181304803814,MT_RMKT_SITE_001,OUTCOME_SALES,5241,135,28.95,2.5758,151.74,9,BRL
2026-07-01,2026-07-01,120213935476223121,MT_VIDEO_ESTOQUE_001,OUTCOME_AWARENESS,16777,322,16.84,1.9193,282.53,8,BRL
2026-07-02,2026-07-02,120274831420778493,MT_LEADS_PEQ_VAREJO_001,OUTCOME_LEADS,27835,652,20.55,2.3424,571.95,20,BRL
2026-07-02,2026-07-02,120299701614704712,MT_LEADS_REDES_LOJAS_002,OUTCOME_LEADS,6109,151,37.31,2.4718,227.95,11,BRL
2026-07-02,2026-07-02,120299759557666597,MT_TRAFEGO_LP_001,OUTCOME_TRAFFIC,20384,356,21.06,1.7465,429.22,14,BRL
2026-07-02,2026-07-02,120229181304803814,MT_RMKT_SITE_001,OUTCOME_SALES,10022,281,29.42,2.8038,294.84,11,BRL
2026-07-02,2026-07-02,120213935476223121,MT_VIDEO_ESTOQUE_001,OUTCOME_AWARENESS,18589,336,13.87,1.8075,257.92,7,BRL
2026-07-03,2026-07-03,120274831420778493,MT_LEADS_PEQ_VAREJO_001,OUTCOME_LEADS,32304,901,29.48,2.7891,952.43,26,BRL
2026-07-03,2026-07-03,120299701614704712,MT_LEADS_REDES_LOJAS_002,OUTCOME_LEADS,11822,271,30.84,2.2923,364.59,16,BRL
2026-07-03,2026-07-03,120299759557666597,MT_TRAFEGO_LP_001,OUTCOME_TRAFFIC,33789,666,18.67,1.9711,630.82,15,BRL
2026-07-03,2026-07-03,120229181304803814,MT_RMKT_SITE_001,OUTCOME_SALES,8235,234,36.42,2.8415,299.90,13,BRL
2026-07-03,2026-07-03,120213935476223121,MT_VIDEO_ESTOQUE_001,OUTCOME_AWARENESS,24014,374,12.78,1.5574,307.01,8,BRL
2026-07-04,2026-07-04,120274831420778493,MT_LEADS_PEQ_VAREJO_001,OUTCOME_LEADS,24587,654,26.05,2.6599,640.39,21,BRL
2026-07-04,2026-07-04,120299701614704712,MT_LEADS_REDES_LOJAS_002,OUTCOME_LEADS,21159,520,37.60,2.4576,795.66,19,BRL
2026-07-04,2026-07-04,120299759557666597,MT_TRAFEGO_LP_001,OUTCOME_TRAFFIC,26941,673,18.96,2.4981,510.74,18,BRL
2026-07-04,2026-07-04,120229181304803814,MT_RMKT_SITE_001,OUTCOME_SALES,7236,191,31.77,2.6396,229.90,12,BRL
2026-07-04,2026-07-04,120213935476223121,MT_VIDEO_ESTOQUE_001,OUTCOME_AWARENESS,11146,248,19.47,2.2250,216.99,6,BRL
2026-07-05,2026-07-05,120274831420778493,MT_LEADS_PEQ_VAREJO_001,OUTCOME_LEADS,12579,379,28.00,3.0130,352.24,18,BRL
2026-07-05,2026-07-05,120299701614704712,MT_LEADS_REDES_LOJAS_002,OUTCOME_LEADS,13008,301,33.88,2.3140,440.73,16,BRL
2026-07-05,2026-07-05,120299759557666597,MT_TRAFEGO_LP_001,OUTCOME_TRAFFIC,17345,472,29.73,2.7212,515.67,14,BRL
2026-07-05,2026-07-05,120229181304803814,MT_RMKT_SITE_001,OUTCOME_SALES,7243,186,24.83,2.5680,179.84,10,BRL
2026-07-05,2026-07-05,120213935476223121,MT_VIDEO_ESTOQUE_001,OUTCOME_AWARENESS,22404,383,17.12,1.7095,383.47,9,BRL
2026-07-06,2026-07-06,120274831420778493,MT_LEADS_PEQ_VAREJO_001,OUTCOME_LEADS,11052,344,33.51,3.1126,370.35,11,BRL
2026-07-06,2026-07-06,120299701614704712,MT_LEADS_REDES_LOJAS_002,OUTCOME_LEADS,15710,320,19.54,2.0369,307.00,12,BRL
2026-07-06,2026-07-06,120299759557666597,MT_TRAFEGO_LP_001,OUTCOME_TRAFFIC,22930,554,27.47,2.4160,629.89,14,BRL
2026-07-06,2026-07-06,120229181304803814,MT_RMKT_SITE_001,OUTCOME_SALES,9243,255,30.13,2.7588,278.46,12,BRL
2026-07-06,2026-07-06,120213935476223121,MT_VIDEO_ESTOQUE_001,OUTCOME_AWARENESS,22790,548,23.07,2.4046,525.73,10,BRL
2026-07-07,2026-07-07,120274831420778493,MT_LEADS_PEQ_VAREJO_001,OUTCOME_LEADS,26061,497,22.65,1.9071,590.16,25,BRL
2026-07-07,2026-07-07,120299701614704712,MT_LEADS_REDES_LOJAS_002,OUTCOME_LEADS,12494,351,43.81,2.8093,547.41,19,BRL
2026-07-07,2026-07-07,120299759557666597,MT_TRAFEGO_LP_001,OUTCOME_TRAFFIC,18907,463,27.17,2.4488,513.77,9,BRL
2026-07-07,2026-07-07,120229181304803814,MT_RMKT_SITE_001,OUTCOME_SALES,5468,165,31.63,3.0176,172.97,14,BRL
2026-07-07,2026-07-07,120213935476223121,MT_VIDEO_ESTOQUE_001,OUTCOME_AWARENESS,8884,197,16.02,2.2175,142.34,5,BRL
2026-07-08,2026-07-08,120274831420778493,MT_LEADS_PEQ_VAREJO_001,OUTCOME_LEADS,29882,780,24.16,2.6103,722.00,30,BRL
2026-07-08,2026-07-08,120299701614704712,MT_LEADS_REDES_LOJAS_002,OUTCOME_LEADS,7580,179,31.24,2.3615,236.82,13,BRL
2026-07-08,2026-07-08,120299759557666597,MT_TRAFEGO_LP_001,OUTCOME_TRAFFIC,16359,359,24.40,2.1945,399.10,19,BRL
2026-07-08,2026-07-08,120229181304803814,MT_RMKT_SITE_001,OUTCOME_SALES,7305,210,37.01,2.8747,270.36,9,BRL
2026-07-08,2026-07-08,120213935476223121,MT_VIDEO_ESTOQUE_001,OUTCOME_AWARENESS,20940,432,19.98,2.0630,418.39,10,BRL
2026-07-09,2026-07-09,120274831420778493,MT_LEADS_PEQ_VAREJO_001,OUTCOME_LEADS,34834,897,22.90,2.5751,797.58,24,BRL
2026-07-09,2026-07-09,120299701614704712,MT_LEADS_REDES_LOJAS_002,OUTCOME_LEADS,5594,133,36.60,2.3775,204.73,6,BRL
2026-07-09,2026-07-09,120299759557666597,MT_TRAFEGO_LP_001,OUTCOME_TRAFFIC,7469,173,32.57,2.3162,243.27,10,BRL
2026-07-09,2026-07-09,120229181304803814,MT_RMKT_SITE_001,OUTCOME_SALES,11413,384,37.53,3.3646,428.28,20,BRL
2026-07-09,2026-07-09,120213935476223121,MT_VIDEO_ESTOQUE_001,OUTCOME_AWARENESS,39835,768,12.78,1.9280,509.21,13,BRL
2026-07-10,2026-07-10,120274831420778493,MT_LEADS_PEQ_VAREJO_001,OUTCOME_LEADS,45699,1133,18.55,2.4793,847.59,22,BRL
2026-07-10,2026-07-10,120299701614704712,MT_LEADS_REDES_LOJAS_002,OUTCOME_LEADS,9005,226,35.59,2.5097,320.49,18,BRL
2026-07-10,2026-07-10,120299759557666597,MT_TRAFEGO_LP_001,OUTCOME_TRAFFIC,9303,236,32.54,2.5368,302.76,11,BRL
2026-07-10,2026-07-10,120229181304803814,MT_RMKT_SITE_001,OUTCOME_SALES,8022,288,33.69,3.5901,270.23,13,BRL
2026-07-10,2026-07-10,120213935476223121,MT_VIDEO_ESTOQUE_001,OUTCOME_AWARENESS,29440,561,10.48,1.9056,308.62,9,BRL
2026-07-11,2026-07-11,120274831420778493,MT_LEADS_PEQ_VAREJO_001,OUTCOME_LEADS,23753,525,25.27,2.2102,600.26,31,BRL
2026-07-11,2026-07-11,120299701614704712,MT_LEADS_REDES_LOJAS_002,OUTCOME_LEADS,9659,255,42.86,2.6400,414.03,15,BRL
2026-07-11,2026-07-11,120299759557666597,MT_TRAFEGO_LP_001,OUTCOME_TRAFFIC,28143,643,23.70,2.2848,666.98,17,BRL
2026-07-11,2026-07-11,120229181304803814,MT_RMKT_SITE_001,OUTCOME_SALES,18745,704,38.47,3.7557,721.03,24,BRL
2026-07-11,2026-07-11,120213935476223121,MT_VIDEO_ESTOQUE_001,OUTCOME_AWARENESS,17430,519,24.36,2.9776,424.63,8,BRL
2026-07-12,2026-07-12,120274831420778493,MT_LEADS_PEQ_VAREJO_001,OUTCOME_LEADS,11829,342,38.56,2.8912,456.18,22,BRL
2026-07-12,2026-07-12,120299701614704712,MT_LEADS_REDES_LOJAS_002,OUTCOME_LEADS,29631,543,22.37,1.8325,662.92,16,BRL
2026-07-12,2026-07-12,120299759557666597,MT_TRAFEGO_LP_001,OUTCOME_TRAFFIC,28396,731,27.31,2.5743,775.62,16,BRL
2026-07-12,2026-07-12,120229181304803814,MT_RMKT_SITE_001,OUTCOME_SALES,7293,189,29.57,2.5915,215.65,12,BRL
2026-07-12,2026-07-12,120213935476223121,MT_VIDEO_ESTOQUE_001,OUTCOME_AWARENESS,19802,472,20.91,2.3836,414.11,9,BRL
2026-07-13,2026-07-13,120274831420778493,MT_LEADS_PEQ_VAREJO_001,OUTCOME_LEADS,10199,280,29.99,2.7454,305.90,20,BRL
2026-07-13,2026-07-13,120299701614704712,MT_LEADS_REDES_LOJAS_002,OUTCOME_LEADS,13798,277,30.78,2.0075,424.69,15,BRL
2026-07-13,2026-07-13,120299759557666597,MT_TRAFEGO_LP_001,OUTCOME_TRAFFIC,26171,521,23.33,1.9908,610.59,16,BRL
2026-07-13,2026-07-13,120229181304803814,MT_RMKT_SITE_001,OUTCOME_SALES,9903,226,26.42,2.2821,261.61,13,BRL
2026-07-13,2026-07-13,120213935476223121,MT_VIDEO_ESTOQUE_001,OUTCOME_AWARENESS,17932,272,13.14,1.5168,235.54,6,BRL
2026-07-14,2026-07-14,120274831420778493,MT_LEADS_PEQ_VAREJO_001,OUTCOME_LEADS,19182,517,28.85,2.6952,553.32,16,BRL
2026-07-14,2026-07-14,120299701614704712,MT_LEADS_REDES_LOJAS_002,OUTCOME_LEADS,6656,161,29.50,2.4189,196.38,15,BRL
2026-07-14,2026-07-14,120299759557666597,MT_TRAFEGO_LP_001,OUTCOME_TRAFFIC,24542,511,22.61,2.0821,554.78,14,BRL
2026-07-14,2026-07-14,120229181304803814,MT_RMKT_SITE_001,OUTCOME_SALES,4398,138,45.65,3.1378,200.78,12,BRL
2026-07-14,2026-07-14,120213935476223121,MT_VIDEO_ESTOQUE_001,OUTCOME_AWARENESS,23704,394,13.12,1.6622,310.93,11,BRL
2026-07-15,2026-07-15,120274831420778493,MT_LEADS_PEQ_VAREJO_001,OUTCOME_LEADS,14944,332,24.71,2.2216,369.33,16,BRL
2026-07-15,2026-07-15,120299701614704712,MT_LEADS_REDES_LOJAS_002,OUTCOME_LEADS,8677,186,23.86,2.1436,207.02,7,BRL
2026-07-15,2026-07-15,120299759557666597,MT_TRAFEGO_LP_001,OUTCOME_TRAFFIC,19292,417,26.79,2.1615,516.89,17,BRL
2026-07-15,2026-07-15,120229181304803814,MT_RMKT_SITE_001,OUTCOME_SALES,9434,272,35.09,2.8832,331.03,13,BRL
2026-07-15,2026-07-15,120213935476223121,MT_VIDEO_ESTOQUE_001,OUTCOME_AWARENESS,20188,424,19.69,2.1003,397.47,10,BRL
2026-07-16,2026-07-16,120274831420778493,MT_LEADS_PEQ_VAREJO_001,OUTCOME_LEADS,9961,364,42.74,3.6543,425.77,22,BRL
2026-07-16,2026-07-16,120299701614704712,MT_LEADS_REDES_LOJAS_002,OUTCOME_LEADS,32009,647,23.97,2.0213,767.33,18,BRL
2026-07-16,2026-07-16,120299759557666597,MT_TRAFEGO_LP_001,OUTCOME_TRAFFIC,17021,490,34.97,2.8788,595.17,20,BRL
2026-07-16,2026-07-16,120229181304803814,MT_RMKT_SITE_001,OUTCOME_SALES,11309,301,25.37,2.6616,286.91,13,BRL
2026-07-16,2026-07-16,120213935476223121,MT_VIDEO_ESTOQUE_001,OUTCOME_AWARENESS,17012,265,13.70,1.5577,233.00,8,BRL
2026-07-17,2026-07-17,120274831420778493,MT_LEADS_PEQ_VAREJO_001,OUTCOME_LEADS,16152,420,28.20,2.6003,455.52,26,BRL
2026-07-17,2026-07-17,120299701614704712,MT_LEADS_REDES_LOJAS_002,OUTCOME_LEADS,10329,240,29.24,2.3236,302.02,14,BRL
2026-07-17,2026-07-17,120299759557666597,MT_TRAFEGO_LP_001,OUTCOME_TRAFFIC,25426,626,26.74,2.4620,679.86,12,BRL
2026-07-17,2026-07-17,120229181304803814,MT_RMKT_SITE_001,OUTCOME_SALES,9764,264,27.39,2.7038,267.39,7,BRL
2026-07-17,2026-07-17,120213935476223121,MT_VIDEO_ESTOQUE_001,OUTCOME_AWARENESS,13389,335,21.23,2.5021,284.28,10,BRL
2026-07-18,2026-07-18,120274831420778493,MT_LEADS_PEQ_VAREJO_001,OUTCOME_LEADS,43405,1087,21.20,2.5043,920.34,24,BRL
2026-07-18,2026-07-18,120299701614704712,MT_LEADS_REDES_LOJAS_002,OUTCOME_LEADS,15321,343,21.23,2.2388,325.31,11,BRL
2026-07-18,2026-07-18,120299759557666597,MT_TRAFEGO_LP_001,OUTCOME_TRAFFIC,12610,423,47.88,3.3545,603.72,14,BRL
2026-07-18,2026-07-18,120229181304803814,MT_RMKT_SITE_001,OUTCOME_SALES,1637,66,68.70,4.0318,112.47,7,BRL
2026-07-18,2026-07-18,120213935476223121,MT_VIDEO_ESTOQUE_001,OUTCOME_AWARENESS,9451,164,13.39,1.7353,126.53,5,BRL
2026-07-19,2026-07-19,120274831420778493,MT_LEADS_PEQ_VAREJO_001,OUTCOME_LEADS,17999,557,32.93,3.0946,592.74,29,BRL
2026-07-19,2026-07-19,120299701614704712,MT_LEADS_REDES_LOJAS_002,OUTCOME_LEADS,11955,261,27.77,2.1832,331.94,14,BRL
2026-07-19,2026-07-19,120299759557666597,MT_TRAFEGO_LP_001,OUTCOME_TRAFFIC,18165,466,23.66,2.5654,429.72,16,BRL
2026-07-19,2026-07-19,120229181304803814,MT_RMKT_SITE_001,OUTCOME_SALES,12179,378,31.43,3.1037,382.79,15,BRL
2026-07-19,2026-07-19,120213935476223121,MT_VIDEO_ESTOQUE_001,OUTCOME_AWARENESS,12949,245,19.91,1.8920,257.80,7,BRL
2026-07-20,2026-07-20,120274831420778493,MT_LEADS_PEQ_VAREJO_001,OUTCOME_LEADS,10993,351,32.97,3.1929,362.44,14,BRL
2026-07-20,2026-07-20,120299701614704712,MT_LEADS_REDES_LOJAS_002,OUTCOME_LEADS,11985,250,25.16,2.0859,301.60,10,BRL
2026-07-20,2026-07-20,120299759557666597,MT_TRAFEGO_LP_001,OUTCOME_TRAFFIC,35727,703,19.14,1.9677,683.96,12,BRL
2026-07-20,2026-07-20,120229181304803814,MT_RMKT_SITE_001,OUTCOME_SALES,7798,209,35.84,2.6802,279.48,15,BRL
2026-07-20,2026-07-20,120213935476223121,MT_VIDEO_ESTOQUE_001,OUTCOME_AWARENESS,21891,404,16.51,1.8455,361.48,9,BRL
2026-07-21,2026-07-21,120274831420778493,MT_LEADS_PEQ_VAREJO_001,OUTCOME_LEADS,25048,542,21.82,2.1638,546.49,18,BRL
2026-07-21,2026-07-21,120299701614704712,MT_LEADS_REDES_LOJAS_002,OUTCOME_LEADS,4904,86,25.40,1.7537,124.57,6,BRL
2026-07-21,2026-07-21,120299759557666597,MT_TRAFEGO_LP_001,OUTCOME_TRAFFIC,30905,668,26.68,2.1615,824.49,16,BRL
2026-07-21,2026-07-21,120229181304803814,MT_RMKT_SITE_001,OUTCOME_SALES,9423,296,34.99,3.1413,329.75,14,BRL
2026-07-21,2026-07-21,120213935476223121,MT_VIDEO_ESTOQUE_001,OUTCOME_AWARENESS,20996,441,19.35,2.1004,406.25,9,BRL
2026-07-22,2026-07-22,120274831420778493,MT_LEADS_PEQ_VAREJO_001,OUTCOME_LEADS,37834,888,22.69,2.3471,858.32,36,BRL
2026-07-22,2026-07-22,120299701614704712,MT_LEADS_REDES_LOJAS_002,OUTCOME_LEADS,13311,244,26.31,1.8331,350.22,16,BRL
2026-07-22,2026-07-22,120299759557666597,MT_TRAFEGO_LP_001,OUTCOME_TRAFFIC,10645,217,22.21,2.0385,236.39,8,BRL
2026-07-22,2026-07-22,120229181304803814,MT_RMKT_SITE_001,OUTCOME_SALES,5737,165,32.64,2.8761,187.25,6,BRL
2026-07-22,2026-07-22,120213935476223121,MT_VIDEO_ESTOQUE_001,OUTCOME_AWARENESS,21737,474,21.01,2.1806,456.75,11,BRL
2026-07-23,2026-07-23,120274831420778493,MT_LEADS_PEQ_VAREJO_001,OUTCOME_LEADS,24724,595,26.37,2.4066,651.94,18,BRL
2026-07-23,2026-07-23,120299701614704712,MT_LEADS_REDES_LOJAS_002,OUTCOME_LEADS,25041,514,29.96,2.0526,750.19,18,BRL
2026-07-23,2026-07-23,120299759557666597,MT_TRAFEGO_LP_001,OUTCOME_TRAFFIC,13923,354,29.59,2.5426,411.98,11,BRL
2026-07-23,2026-07-23,120229181304803814,MT_RMKT_SITE_001,OUTCOME_SALES,8172,186,35.66,2.2761,291.43,15,BRL
2026-07-23,2026-07-23,120213935476223121,MT_VIDEO_ESTOQUE_001,OUTCOME_AWARENESS,9558,172,15.10,1.7995,144.28,4,BRL
2026-07-24,2026-07-24,120274831420778493,MT_LEADS_PEQ_VAREJO_001,OUTCOME_LEADS,25795,574,20.87,2.2252,538.35,20,BRL
2026-07-24,2026-07-24,120299701614704712,MT_LEADS_REDES_LOJAS_002,OUTCOME_LEADS,28578,604,29.56,2.1135,844.69,15,BRL
2026-07-24,2026-07-24,120299759557666597,MT_TRAFEGO_LP_001,OUTCOME_TRAFFIC,6026,184,41.22,3.0534,248.40,9,BRL
2026-07-24,2026-07-24,120229181304803814,MT_RMKT_SITE_001,OUTCOME_SALES,13254,313,24.86,2.3616,329.53,14,BRL
2026-07-24,2026-07-24,120213935476223121,MT_VIDEO_ESTOQUE_001,OUTCOME_AWARENESS,10646,216,18.31,2.0289,194.96,5,BRL
2026-07-25,2026-07-25,120274831420778493,MT_LEADS_PEQ_VAREJO_001,OUTCOME_LEADS,24466,597,34.96,2.4401,855.36,24,BRL
2026-07-25,2026-07-25,120299701614704712,MT_LEADS_REDES_LOJAS_002,OUTCOME_LEADS,7033,159,29.96,2.2608,210.70,9,BRL
2026-07-25,2026-07-25,120299759557666597,MT_TRAFEGO_LP_001,OUTCOME_TRAFFIC,16044,450,30.92,2.8048,496.04,16,BRL
2026-07-25,2026-07-25,120229181304803814,MT_RMKT_SITE_001,OUTCOME_SALES,13317,426,37.35,3.1989,497.45,16,BRL
2026-07-25,2026-07-25,120213935476223121,MT_VIDEO_ESTOQUE_001,OUTCOME_AWARENESS,9812,246,21.49,2.5071,210.83,8,BRL
2026-07-26,2026-07-26,120274831420778493,MT_LEADS_PEQ_VAREJO_001,OUTCOME_LEADS,8619,261,28.97,3.0282,249.69,14,BRL
2026-07-26,2026-07-26,120299701614704712,MT_LEADS_REDES_LOJAS_002,OUTCOME_LEADS,9602,176,26.94,1.8330,258.69,9,BRL
2026-07-26,2026-07-26,120299759557666597,MT_TRAFEGO_LP_001,OUTCOME_TRAFFIC,14826,344,23.28,2.3202,345.15,11,BRL
2026-07-26,2026-07-26,120229181304803814,MT_RMKT_SITE_001,OUTCOME_SALES,14760,459,39.27,3.1098,579.60,17,BRL
2026-07-26,2026-07-26,120213935476223121,MT_VIDEO_ESTOQUE_001,OUTCOME_AWARENESS,22783,448,19.89,1.9664,453.09,14,BRL
2026-07-27,2026-07-27,120274831420778493,MT_LEADS_PEQ_VAREJO_001,OUTCOME_LEADS,32248,838,26.93,2.5986,868.33,33,BRL
2026-07-27,2026-07-27,120299701614704712,MT_LEADS_REDES_LOJAS_002,OUTCOME_LEADS,4275,118,41.36,2.7602,176.82,4,BRL
2026-07-27,2026-07-27,120299759557666597,MT_TRAFEGO_LP_001,OUTCOME_TRAFFIC,19691,443,27.11,2.2498,533.73,12,BRL
2026-07-27,2026-07-27,120229181304803814,MT_RMKT_SITE_001,OUTCOME_SALES,10081,279,30.02,2.7676,302.68,11,BRL
2026-07-27,2026-07-27,120213935476223121,MT_VIDEO_ESTOQUE_001,OUTCOME_AWARENESS,14181,344,23.57,2.4258,334.26,8,BRL
2026-07-28,2026-07-28,120274831420778493,MT_LEADS_PEQ_VAREJO_001,OUTCOME_LEADS,17331,521,35.45,3.0062,614.47,29,BRL
2026-07-28,2026-07-28,120299701614704712,MT_LEADS_REDES_LOJAS_002,OUTCOME_LEADS,18247,437,32.86,2.3949,599.57,13,BRL
2026-07-28,2026-07-28,120299759557666597,MT_TRAFEGO_LP_001,OUTCOME_TRAFFIC,20511,584,25.77,2.8473,528.48,17,BRL
2026-07-28,2026-07-28,120229181304803814,MT_RMKT_SITE_001,OUTCOME_SALES,5111,128,39.94,2.5044,204.15,8,BRL
2026-07-28,2026-07-28,120213935476223121,MT_VIDEO_ESTOQUE_001,OUTCOME_AWARENESS,5490,122,20.40,2.2222,111.98,5,BRL
2026-07-29,2026-07-29,120274831420778493,MT_LEADS_PEQ_VAREJO_001,OUTCOME_LEADS,22837,690,22.78,3.0214,520.13,23,BRL
2026-07-29,2026-07-29,120299701614704712,MT_LEADS_REDES_LOJAS_002,OUTCOME_LEADS,10713,292,41.34,2.7257,442.87,13,BRL
2026-07-29,2026-07-29,120299759557666597,MT_TRAFEGO_LP_001,OUTCOME_TRAFFIC,50428,900,17.87,1.7847,901.18,23,BRL
2026-07-29,2026-07-29,120229181304803814,MT_RMKT_SITE_001,OUTCOME_SALES,10554,387,44.03,3.6669,464.66,14,BRL
2026-07-29,2026-07-29,120213935476223121,MT_VIDEO_ESTOQUE_001,OUTCOME_AWARENESS,20216,406,21.91,2.0083,443.01,11,BRL
2026-07-30,2026-07-30,120274831420778493,MT_LEADS_PEQ_VAREJO_001,OUTCOME_LEADS,37394,1159,33.09,3.0994,1237.29,28,BRL
2026-07-30,2026-07-30,120299701614704712,MT_LEADS_REDES_LOJAS_002,OUTCOME_LEADS,16257,458,32.51,2.8172,528.59,13,BRL
2026-07-30,2026-07-30,120299759557666597,MT_TRAFEGO_LP_001,OUTCOME_TRAFFIC,17963,416,24.72,2.3159,444.10,22,BRL
2026-07-30,2026-07-30,120229181304803814,MT_RMKT_SITE_001,OUTCOME_SALES,7591,203,36.55,2.6742,277.46,16,BRL
2026-07-30,2026-07-30,120213935476223121,MT_VIDEO_ESTOQUE_001,OUTCOME_AWARENESS,24660,406,15.05,1.6464,371.06,7,BRL
2026-07-31,2026-07-31,120274831420778493,MT_LEADS_PEQ_VAREJO_001,OUTCOME_LEADS,23281,601,23.04,2.5815,536.39,19,BRL
2026-07-31,2026-07-31,120299701614704712,MT_LEADS_REDES_LOJAS_002,OUTCOME_LEADS,14877,281,22.19,1.8888,330.16,13,BRL
2026-07-31,2026-07-31,120299759557666597,MT_TRAFEGO_LP_001,OUTCOME_TRAFFIC,35073,650,15.71,1.8533,551.17,11,BRL
2026-07-31,2026-07-31,120229181304803814,MT_RMKT_SITE_001,OUTCOME_SALES,9376,227,40.92,2.4211,383.71,15,BRL
2026-07-31,2026-07-31,120213935476223121,MT_VIDEO_ESTOQUE_001,OUTCOME_AWARENESS,14096,320,18.78,2.2701,264.67,7,BRL
2026-08-01,2026-08-01,120274831420778493,MT_LEADS_PEQ_VAREJO_001,OUTCOME_LEADS,24193,699,29.74,2.8893,719.52,32,BRL
2026-08-01,2026-08-01,120299701614704712,MT_LEADS_REDES_LOJAS_002,OUTCOME_LEADS,19791,540,35.12,2.7285,695.07,17,BRL
2026-08-01,2026-08-01,120299759557666597,MT_TRAFEGO_LP_001,OUTCOME_TRAFFIC,16145,433,27.57,2.6819,445.05,15,BRL
2026-08-01,2026-08-01,120229181304803814,MT_RMKT_SITE_001,OUTCOME_SALES,13463,325,30.23,2.4140,406.99,16,BRL
2026-08-01,2026-08-01,120213935476223121,MT_VIDEO_ESTOQUE_001,OUTCOME_AWARENESS,32238,650,17.04,2.0163,549.37,15,BRL
2026-08-02,2026-08-02,120274831420778493,MT_LEADS_PEQ_VAREJO_001,OUTCOME_LEADS,42326,785,22.21,1.8547,939.94,32,BRL
2026-08-02,2026-08-02,120299701614704712,MT_LEADS_REDES_LOJAS_002,OUTCOME_LEADS,25264,601,28.14,2.3789,710.94,18,BRL
2026-08-02,2026-08-02,120299759557666597,MT_TRAFEGO_LP_001,OUTCOME_TRAFFIC,32316,801,33.82,2.4786,1093.06,29,BRL
2026-08-02,2026-08-02,120229181304803814,MT_RMKT_SITE_001,OUTCOME_SALES,10301,289,31.99,2.8056,329.51,14,BRL
2026-08-02,2026-08-02,120213935476223121,MT_VIDEO_ESTOQUE_001,OUTCOME_AWARENESS,8340,168,20.15,2.0144,168.02,6,BRL
2026-08-03,2026-08-03,120274831420778493,MT_LEADS_PEQ_VAREJO_001,OUTCOME_LEADS,21716,613,25.02,2.8228,543.27,31,BRL
2026-08-03,2026-08-03,120299701614704712,MT_LEADS_REDES_LOJAS_002,OUTCOME_LEADS,15868,370,32.21,2.3317,511.07,16,BRL
2026-08-03,2026-08-03,120299759557666597,MT_TRAFEGO_LP_001,OUTCOME_TRAFFIC,11677,295,28.11,2.5263,328.28,7,BRL
2026-08-03,2026-08-03,120229181304803814,MT_RMKT_SITE_001,OUTCOME_SALES,11919,396,26.22,3.3224,312.47,11,BRL
2026-08-03,2026-08-03,120213935476223121,MT_VIDEO_ESTOQUE_001,OUTCOME_AWARENESS,16880,329,14.43,1.9491,243.60,7,BRL
2026-08-04,2026-08-04,120274831420778493,MT_LEADS_PEQ_VAREJO_001,OUTCOME_LEADS,26396,781,24.87,2.9588,656.60,26,BRL
2026-08-04,2026-08-04,120299701614704712,MT_LEADS_REDES_LOJAS_002,OUTCOME_LEADS,24635,538,22.69,2.1839,558.92,12,BRL
2026-08-04,2026-08-04,120299759557666597,MT_TRAFEGO_LP_001,OUTCOME_TRAFFIC,39391,924,28.77,2.3457,1133.43,18,BRL
2026-08-04,2026-08-04,120229181304803814,MT_RMKT_SITE_001,OUTCOME_SALES,11920,343,33.16,2.8775,395.21,20,BRL
2026-08-04,2026-08-04,120213935476223121,MT_VIDEO_ESTOQUE_001,OUTCOME_AWARENESS,19853,351,18.03,1.7680,358.03,11,BRL
2026-08-05,2026-08-05,120274831420778493,MT_LEADS_PEQ_VAREJO_001,OUTCOME_LEADS,26535,582,19.33,2.1933,513.01,20,BRL
2026-08-05,2026-08-05,120299701614704712,MT_LEADS_REDES_LOJAS_002,OUTCOME_LEADS,12459,277,32.28,2.2233,402.21,11,BRL
2026-08-05,2026-08-05,120299759557666597,MT_TRAFEGO_LP_001,OUTCOME_TRAFFIC,16941,384,24.68,2.2667,418.04,12,BRL
2026-08-05,2026-08-05,120229181304803814,MT_RMKT_SITE_001,OUTCOME_SALES,5840,184,32.86,3.1507,191.91,6,BRL
2026-08-05,2026-08-05,120213935476223121,MT_VIDEO_ESTOQUE_001,OUTCOME_AWARENESS,13764,348,24.33,2.5283,334.92,11,BRL
2026-08-06,2026-08-06,120274831420778493,MT_LEADS_PEQ_VAREJO_001,OUTCOME_LEADS,36061,714,18.80,1.9800,677.97,26,BRL
2026-08-06,2026-08-06,120299701614704712,MT_LEADS_REDES_LOJAS_002,OUTCOME_LEADS,16943,355,28.32,2.0953,479.75,12,BRL
2026-08-06,2026-08-06,120299759557666597,MT_TRAFEGO_LP_001,OUTCOME_TRAFFIC,18677,477,22.24,2.5539,415.33,15,BRL
2026-08-06,2026-08-06,120229181304803814,MT_RMKT_SITE_001,OUTCOME_SALES,13467,340,37.60,2.5247,506.31,19,BRL
2026-08-06,2026-08-06,120213935476223121,MT_VIDEO_ESTOQUE_001,OUTCOME_AWARENESS,23715,431,17.89,1.8174,424.24,17,BRL
2026-08-07,2026-08-07,120274831420778493,MT_LEADS_PEQ_VAREJO_001,OUTCOME_LEADS,20640,529,22.11,2.5630,456.40,20,BRL
2026-08-07,2026-08-07,120299701614704712,MT_LEADS_REDES_LOJAS_002,OUTCOME_LEADS,7273,153,30.51,2.1037,221.91,10,BRL
2026-08-07,2026-08-07,120299759557666597,MT_TRAFEGO_LP_001,OUTCOME_TRAFFIC,14673,362,31.56,2.4671,463.04,14,BRL
2026-08-07,2026-08-07,120229181304803814,MT_RMKT_SITE_001,OUTCOME_SALES,12635,360,30.27,2.8492,382.41,16,BRL
2026-08-07,2026-08-07,120213935476223121,MT_VIDEO_ESTOQUE_001,OUTCOME_AWARENESS,33950,687,16.53,2.0236,561.32,12,BRL
2026-08-08,2026-08-08,120274831420778493,MT_LEADS_PEQ_VAREJO_001,OUTCOME_LEADS,19250,559,32.56,2.9039,626.74,25,BRL
2026-08-08,2026-08-08,120299701614704712,MT_LEADS_REDES_LOJAS_002,OUTCOME_LEADS,15769,388,32.12,2.4605,506.47,15,BRL
2026-08-08,2026-08-08,120299759557666597,MT_TRAFEGO_LP_001,OUTCOME_TRAFFIC,14775,442,28.19,2.9915,416.49,15,BRL
2026-08-08,2026-08-08,120229181304803814,MT_RMKT_SITE_001,OUTCOME_SALES,9786,290,38.43,2.9634,376.04,13,BRL
2026-08-08,2026-08-08,120213935476223121,MT_VIDEO_ESTOQUE_001,OUTCOME_AWARENESS,6842,156,24.60,2.2800,168.31,6,BRL
2026-08-09,2026-08-09,120274831420778493,MT_LEADS_PEQ_VAREJO_001,OUTCOME_LEADS,30617,634,22.57,2.0707,691.13,30,BRL
2026-08-09,2026-08-09,120299701614704712,MT_LEADS_REDES_LOJAS_002,OUTCOME_LEADS,17090,442,39.64,2.5863,677.50,15,BRL
2026-08-09,2026-08-09,120299759557666597,MT_TRAFEGO_LP_001,OUTCOME_TRAFFIC,11737,285,27.08,2.4282,317.87,13,BRL
2026-08-09,2026-08-09,120229181304803814,MT_RMKT_SITE_001,OUTCOME_SALES,8208,278,33.58,3.3869,275.66,13,BRL
2026-08-09,2026-08-09,120213935476223121,MT_VIDEO_ESTOQUE_001,OUTCOME_AWARENESS,11042,227,21.35,2.0558,235.72,8,BRL
2026-08-10,2026-08-10,120274831420778493,MT_LEADS_PEQ_VAREJO_001,OUTCOME_LEADS,28326,677,22.76,2.3900,644.68,35,BRL
2026-08-10,2026-08-10,120299701614704712,MT_LEADS_REDES_LOJAS_002,OUTCOME_LEADS,10326,273,41.72,2.6438,430.83,16,BRL
2026-08-10,2026-08-10,120299759557666597,MT_TRAFEGO_LP_001,OUTCOME_TRAFFIC,32318,851,25.53,2.6332,825.10,20,BRL
2026-08-10,2026-08-10,120229181304803814,MT_RMKT_SITE_001,OUTCOME_SALES,13524,389,51.75,2.8764,699.93,22,BRL
2026-08-10,2026-08-10,120213935476223121,MT_VIDEO_ESTOQUE_001,OUTCOME_AWARENESS,9828,230,23.06,2.3403,226.62,8,BRL
2026-08-11,2026-08-11,120274831420778493,MT_LEADS_PEQ_VAREJO_001,OUTCOME_LEADS,28085,565,23.45,2.0118,658.59,33,BRL
2026-08-11,2026-08-11,120299701614704712,MT_LEADS_REDES_LOJAS_002,OUTCOME_LEADS,19694,404,26.34,2.0514,518.69,14,BRL
2026-08-11,2026-08-11,120299759557666597,MT_TRAFEGO_LP_001,OUTCOME_TRAFFIC,33546,747,22.96,2.2268,770.10,15,BRL
2026-08-11,2026-08-11,120229181304803814,MT_RMKT_SITE_001,OUTCOME_SALES,4095,131,39.56,3.1990,161.98,7,BRL
2026-08-11,2026-08-11,120213935476223121,MT_VIDEO_ESTOQUE_001,OUTCOME_AWARENESS,17901,323,18.01,1.8044,322.38,12,BRL
2026-08-12,2026-08-12,120274831420778493,MT_LEADS_PEQ_VAREJO_001,OUTCOME_LEADS,33076,917,23.28,2.7724,770.15,31,BRL
2026-08-12,2026-08-12,120299701614704712,MT_LEADS_REDES_LOJAS_002,OUTCOME_LEADS,13606,277,22.74,2.0359,309.43,10,BRL
2026-08-12,2026-08-12,120299759557666597,MT_TRAFEGO_LP_001,OUTCOME_TRAFFIC,18640,411,22.75,2.2049,424.10,12,BRL
2026-08-12,2026-08-12,120229181304803814,MT_RMKT_SITE_001,OUTCOME_SALES,9072,293,31.88,3.2297,289.25,11,BRL
2026-08-12,2026-08-12,120213935476223121,MT_VIDEO_ESTOQUE_001,OUTCOME_AWARENESS,16818,338,19.51,2.0098,328.05,7,BRL
2026-08-13,2026-08-13,120274831420778493,MT_LEADS_PEQ_VAREJO_001,OUTCOME_LEADS,29520,757,23.57,2.5644,695.76,31,BRL
2026-08-13,2026-08-13,120299701614704712,MT_LEADS_REDES_LOJAS_002,OUTCOME_LEADS,24693,546,26.55,2.2112,655.59,15,BRL
2026-08-13,2026-08-13,120299759557666597,MT_TRAFEGO_LP_001,OUTCOME_TRAFFIC,38023,806,19.65,2.1198,747.03,14,BRL
2026-08-13,2026-08-13,120229181304803814,MT_RMKT_SITE_001,OUTCOME_SALES,16520,457,31.17,2.7663,514.94,18,BRL
2026-08-13,2026-08-13,120213935476223121,MT_VIDEO_ESTOQUE_001,OUTCOME_AWARENESS,15719,393,21.88,2.5002,343.91,8,BRL
2026-08-14,2026-08-14,120274831420778493,MT_LEADS_PEQ_VAREJO_001,OUTCOME_LEADS,26116,566,21.53,2.1673,562.40,28,BRL
2026-08-14,2026-08-14,120299701614704712,MT_LEADS_REDES_LOJAS_002,OUTCOME_LEADS,14984,334,29.76,2.2290,445.88,11,BRL
2026-08-14,2026-08-14,120299759557666597,MT_TRAFEGO_LP_001,OUTCOME_TRAFFIC,19557,325,18.22,1.6618,356.30,11,BRL
2026-08-14,2026-08-14,120229181304803814,MT_RMKT_SITE_001,OUTCOME_SALES,10657,300,29.87,2.8151,318.32,15,BRL
2026-08-14,2026-08-14,120213935476223121,MT_VIDEO_ESTOQUE_001,OUTCOME_AWARENESS,21901,451,19.88,2.0593,435.47,11,BRL
2026-08-15,2026-08-15,120274831420778493,MT_LEADS_PEQ_VAREJO_001,OUTCOME_LEADS,33238,826,19.58,2.4851,650.65,27,BRL
2026-08-15,2026-08-15,120299701614704712,MT_LEADS_REDES_LOJAS_002,OUTCOME_LEADS,14917,278,25.76,1.8636,384.25,13,BRL
2026-08-15,2026-08-15,120299759557666597,MT_TRAFEGO_LP_001,OUTCOME_TRAFFIC,14354,318,23.50,2.2154,337.36,11,BRL
2026-08-15,2026-08-15,120229181304803814,MT_RMKT_SITE_001,OUTCOME_SALES,7752,184,36.85,2.3736,285.69,11,BRL
2026-08-15,2026-08-15,120213935476223121,MT_VIDEO_ESTOQUE_001,OUTCOME_AWARENESS,25255,499,17.15,1.9758,433.07,11,BRL
2026-08-16,2026-08-16,120274831420778493,MT_LEADS_PEQ_VAREJO_001,OUTCOME_LEADS,20477,637,35.12,3.1108,719.12,21,BRL
2026-08-16,2026-08-16,120299701614704712,MT_LEADS_REDES_LOJAS_002,OUTCOME_LEADS,11301,294,35.59,2.6015,402.22,15,BRL
2026-08-16,2026-08-16,120299759557666597,MT_TRAFEGO_LP_001,OUTCOME_TRAFFIC,19912,417,21.78,2.0942,433.66,16,BRL
2026-08-16,2026-08-16,120229181304803814,MT_RMKT_SITE_001,OUTCOME_SALES,6050,150,31.37,2.4793,189.78,14,BRL
2026-08-16,2026-08-16,120213935476223121,MT_VIDEO_ESTOQUE_001,OUTCOME_AWARENESS,14150,334,19.00,2.3604,268.81,6,BRL
2026-08-17,2026-08-17,120274831420778493,MT_LEADS_PEQ_VAREJO_001,OUTCOME_LEADS,27577,610,20.05,2.2120,553.04,23,BRL
2026-08-17,2026-08-17,120299701614704712,MT_LEADS_REDES_LOJAS_002,OUTCOME_LEADS,10188,241,32.32,2.3655,329.28,12,BRL
2026-08-17,2026-08-17,120299759557666597,MT_TRAFEGO_LP_001,OUTCOME_TRAFFIC,8928,217,28.49,2.4306,254.32,11,BRL
2026-08-17,2026-08-17,120229181304803814,MT_RMKT_SITE_001,OUTCOME_SALES,10949,337,34.90,3.0779,382.16,17,BRL
2026-08-17,2026-08-17,120213935476223121,MT_VIDEO_ESTOQUE_001,OUTCOME_AWARENESS,20967,388,18.27,1.8505,382.99,10,BRL
2026-08-18,2026-08-18,120274831420778493,MT_LEADS_PEQ_VAREJO_001,OUTCOME_LEADS,33397,686,23.55,2.0541,786.54,30,BRL
2026-08-18,2026-08-18,120299701614704712,MT_LEADS_REDES_LOJAS_002,OUTCOME_LEADS,14233,371,27.74,2.6066,394.78,12,BRL
2026-08-18,2026-08-18,120299759557666597,MT_TRAFEGO_LP_001,OUTCOME_TRAFFIC,14040,327,29.10,2.3291,408.55,10,BRL
2026-08-18,2026-08-18,120229181304803814,MT_RMKT_SITE_001,OUTCOME_SALES,4019,106,40.39,2.6375,162.32,11,BRL
2026-08-18,2026-08-18,120213935476223121,MT_VIDEO_ESTOQUE_001,OUTCOME_AWARENESS,4723,119,22.38,2.5196,105.70,5,BRL
2026-08-19,2026-08-19,120274831420778493,MT_LEADS_PEQ_VAREJO_001,OUTCOME_LEADS,25273,778,31.11,3.0784,786.33,25,BRL
2026-08-19,2026-08-19,120299701614704712,MT_LEADS_REDES_LOJAS_002,OUTCOME_LEADS,27098,573,25.25,2.1145,684.09,19,BRL
2026-08-19,2026-08-19,120299759557666597,MT_TRAFEGO_LP_001,OUTCOME_TRAFFIC,37972,1134,28.57,2.9864,1084.73,20,BRL
2026-08-19,2026-08-19,120229181304803814,MT_RMKT_SITE_001,OUTCOME_SALES,11141,269,25.02,2.4145,278.72,14,BRL
2026-08-19,2026-08-19,120213935476223121,MT_VIDEO_ESTOQUE_001,OUTCOME_AWARENESS,43886,629,12.57,1.4333,551.62,13,BRL
2026-08-20,2026-08-20,120274831420778493,MT_LEADS_PEQ_VAREJO_001,OUTCOME_LEADS,57874,1505,16.81,2.6005,973.00,27,BRL
2026-08-20,2026-08-20,120299701614704712,MT_LEADS_REDES_LOJAS_002,OUTCOME_LEADS,19791,571,32.12,2.8851,635.75,14,BRL
2026-08-20,2026-08-20,120299759557666597,MT_TRAFEGO_LP_001,OUTCOME_TRAFFIC,11777,268,26.49,2.2756,311.94,11,BRL
2026-08-20,2026-08-20,120229181304803814,MT_RMKT_SITE_001,OUTCOME_SALES,6015,191,41.69,3.1754,250.77,12,BRL
2026-08-20,2026-08-20,120213935476223121,MT_VIDEO_ESTOQUE_001,OUTCOME_AWARENESS,15666,305,17.96,1.9469,281.39,7,BRL
2026-08-21,2026-08-21,120274831420778493,MT_LEADS_PEQ_VAREJO_001,OUTCOME_LEADS,29593,833,29.62,2.8149,876.64,33,BRL
2026-08-21,2026-08-21,120299701614704712,MT_LEADS_REDES_LOJAS_002,OUTCOME_LEADS,9380,259,40.35,2.7612,378.49,13,BRL
2026-08-21,2026-08-21,120299759557666597,MT_TRAFEGO_LP_001,OUTCOME_TRAFFIC,11659,333,25.73,2.8562,300.02,13,BRL
2026-08-21,2026-08-21,120229181304803814,MT_RMKT_SITE_001,OUTCOME_SALES,2704,70,42.03,2.5888,113.65,7,BRL
2026-08-21,2026-08-21,120213935476223121,MT_VIDEO_ESTOQUE_001,OUTCOME_AWARENESS,19531,540,20.24,2.7648,395.30,14,BRL
2026-08-22,2026-08-22,120274831420778493,MT_LEADS_PEQ_VAREJO_001,OUTCOME_LEADS,18796,477,30.35,2.5378,570.41,25,BRL
2026-08-22,2026-08-22,120299701614704712,MT_LEADS_REDES_LOJAS_002,OUTCOME_LEADS,20643,444,27.11,2.1509,559.71,17,BRL
2026-08-22,2026-08-22,120299759557666597,MT_TRAFEGO_LP_001,OUTCOME_TRAFFIC,10519,342,41.45,3.2513,435.97,15,BRL
2026-08-22,2026-08-22,120229181304803814,MT_RMKT_SITE_001,OUTCOME_SALES,16220,449,33.44,2.7682,542.36,16,BRL
2026-08-22,2026-08-22,120213935476223121,MT_VIDEO_ESTOQUE_001,OUTCOME_AWARENESS,17606,308,16.84,1.7494,296.46,9,BRL
2026-08-23,2026-08-23,120274831420778493,MT_LEADS_PEQ_VAREJO_001,OUTCOME_LEADS,25050,633,28.21,2.5269,706.64,34,BRL
2026-08-23,2026-08-23,120299701614704712,MT_LEADS_REDES_LOJAS_002,OUTCOME_LEADS,14990,309,28.23,2.0614,423.14,17,BRL
2026-08-23,2026-08-23,120299759557666597,MT_TRAFEGO_LP_001,OUTCOME_TRAFFIC,40277,933,28.48,2.3165,1147.18,19,BRL
2026-08-23,2026-08-23,120229181304803814,MT_RMKT_SITE_001,OUTCOME_SALES,11436,346,37.76,3.0255,431.87,21,BRL
2026-08-23,2026-08-23,120213935476223121,MT_VIDEO_ESTOQUE_001,OUTCOME_AWARENESS,26335,681,20.94,2.5859,551.43,11,BRL
2026-08-24,2026-08-24,120274831420778493,MT_LEADS_PEQ_VAREJO_001,OUTCOME_LEADS,15971,414,22.51,2.5922,359.51,23,BRL
2026-08-24,2026-08-24,120299701614704712,MT_LEADS_REDES_LOJAS_002,OUTCOME_LEADS,15892,330,35.09,2.0765,557.64,17,BRL
2026-08-24,2026-08-24,120299759557666597,MT_TRAFEGO_LP_001,OUTCOME_TRAFFIC,7572,225,31.48,2.9715,238.35,10,BRL
2026-08-24,2026-08-24,120229181304803814,MT_RMKT_SITE_001,OUTCOME_SALES,7920,224,30.03,2.8283,237.86,16,BRL
2026-08-24,2026-08-24,120213935476223121,MT_VIDEO_ESTOQUE_001,OUTCOME_AWARENESS,43803,835,16.55,1.9063,725.00,16,BRL
2026-08-25,2026-08-25,120274831420778493,MT_LEADS_PEQ_VAREJO_001,OUTCOME_LEADS,50613,885,12.71,1.7486,643.09,26,BRL
2026-08-25,2026-08-25,120299701614704712,MT_LEADS_REDES_LOJAS_002,OUTCOME_LEADS,7414,199,40.62,2.6841,301.19,12,BRL
2026-08-25,2026-08-25,120299759557666597,MT_TRAFEGO_LP_001,OUTCOME_TRAFFIC,19276,460,26.82,2.3864,517.02,21,BRL
2026-08-25,2026-08-25,120229181304803814,MT_RMKT_SITE_001,OUTCOME_SALES,16789,356,22.67,2.1204,380.54,14,BRL
2026-08-25,2026-08-25,120213935476223121,MT_VIDEO_ESTOQUE_001,OUTCOME_AWARENESS,18195,355,20.07,1.9511,365.16,13,BRL
2026-08-26,2026-08-26,120274831420778493,MT_LEADS_PEQ_VAREJO_001,OUTCOME_LEADS,16453,467,28.54,2.8384,469.53,31,BRL
2026-08-26,2026-08-26,120299701614704712,MT_LEADS_REDES_LOJAS_002,OUTCOME_LEADS,26713,592,27.95,2.2161,746.61,25,BRL
2026-08-26,2026-08-26,120299759557666597,MT_TRAFEGO_LP_001,OUTCOME_TRAFFIC,29844,637,20.75,2.1344,619.37,12,BRL
2026-08-26,2026-08-26,120229181304803814,MT_RMKT_SITE_001,OUTCOME_SALES,10153,275,34.69,2.7086,352.19,14,BRL
2026-08-26,2026-08-26,120213935476223121,MT_VIDEO_ESTOQUE_001,OUTCOME_AWARENESS,25696,448,15.44,1.7435,396.72,12,BRL
2026-08-27,2026-08-27,120274831420778493,MT_LEADS_PEQ_VAREJO_001,OUTCOME_LEADS,17362,433,31.79,2.4940,552.00,25,BRL
2026-08-27,2026-08-27,120299701614704712,MT_LEADS_REDES_LOJAS_002,OUTCOME_LEADS,11893,266,29.28,2.2366,348.17,13,BRL
2026-08-27,2026-08-27,120299759557666597,MT_TRAFEGO_LP_001,OUTCOME_TRAFFIC,20619,468,28.05,2.2698,578.43,14,BRL
2026-08-27,2026-08-27,120229181304803814,MT_RMKT_SITE_001,OUTCOME_SALES,10159,265,33.41,2.6085,339.41,19,BRL
2026-08-27,2026-08-27,120213935476223121,MT_VIDEO_ESTOQUE_001,OUTCOME_AWARENESS,15218,332,16.42,2.1816,249.81,9,BRL
2026-08-28,2026-08-28,120274831420778493,MT_LEADS_PEQ_VAREJO_001,OUTCOME_LEADS,24002,641,27.65,2.6706,663.73,26,BRL
2026-08-28,2026-08-28,120299701614704712,MT_LEADS_REDES_LOJAS_002,OUTCOME_LEADS,14735,360,34.49,2.4432,508.15,20,BRL
2026-08-28,2026-08-28,120299759557666597,MT_TRAFEGO_LP_001,OUTCOME_TRAFFIC,12423,358,29.47,2.8818,366.13,12,BRL
2026-08-28,2026-08-28,120229181304803814,MT_RMKT_SITE_001,OUTCOME_SALES,15285,438,39.34,2.8656,601.33,24,BRL
2026-08-28,2026-08-28,120213935476223121,MT_VIDEO_ESTOQUE_001,OUTCOME_AWARENESS,10079,264,31.14,2.6193,313.84,9,BRL
2026-08-29,2026-08-29,120274831420778493,MT_LEADS_PEQ_VAREJO_001,OUTCOME_LEADS,20605,502,23.74,2.4363,489.10,26,BRL
2026-08-29,2026-08-29,120299701614704712,MT_LEADS_REDES_LOJAS_002,OUTCOME_LEADS,30418,523,22.93,1.7194,697.39,18,BRL
2026-08-29,2026-08-29,120299759557666597,MT_TRAFEGO_LP_001,OUTCOME_TRAFFIC,33922,826,25.87,2.4350,877.60,24,BRL
2026-08-29,2026-08-29,120229181304803814,MT_RMKT_SITE_001,OUTCOME_SALES,8725,270,35.17,3.0946,306.87,18,BRL
2026-08-29,2026-08-29,120213935476223121,MT_VIDEO_ESTOQUE_001,OUTCOME_AWARENESS,17427,286,15.57,1.6411,271.30,7,BRL
2026-08-30,2026-08-30,120274831420778493,MT_LEADS_PEQ_VAREJO_001,OUTCOME_LEADS,62743,1806,27.82,2.8784,1745.82,35,BRL
2026-08-30,2026-08-30,120299701614704712,MT_LEADS_REDES_LOJAS_002,OUTCOME_LEADS,13329,299,28.53,2.2432,380.32,16,BRL
2026-08-30,2026-08-30,120299759557666597,MT_TRAFEGO_LP_001,OUTCOME_TRAFFIC,11386,258,22.39,2.2659,254.88,10,BRL
2026-08-30,2026-08-30,120229181304803814,MT_RMKT_SITE_001,OUTCOME_SALES,7013,240,39.19,3.4222,274.82,14,BRL
2026-08-30,2026-08-30,120213935476223121,MT_VIDEO_ESTOQUE_001,OUTCOME_AWARENESS,24861,324,12.57,1.3032,312.40,8,BRL
2026-08-31,2026-08-31,120274831420778493,MT_LEADS_PEQ_VAREJO_001,OUTCOME_LEADS,19768,416,21.56,2.1044,426.28,25,BRL
2026-08-31,2026-08-31,120299701614704712,MT_LEADS_REDES_LOJAS_002,OUTCOME_LEADS,19643,341,20.04,1.7360,393.66,12,BRL
2026-08-31,2026-08-31,120299759557666597,MT_TRAFEGO_LP_001,OUTCOME_TRAFFIC,38455,1041,27.48,2.7071,1056.59,19,BRL
2026-08-31,2026-08-31,120229181304803814,MT_RMKT_SITE_001,OUTCOME_SALES,7482,199,32.79,2.6597,245.35,15,BRL
2026-08-31,2026-08-31,120213935476223121,MT_VIDEO_ESTOQUE_001,OUTCOME_AWARENESS,15582,416,22.60,2.6697,352.21,7,BRL
